/*
 Navicat Premium Data Transfer

 Source Server         : db
 Source Server Type    : MySQL
 Source Server Version : 50731 (5.7.31)
 Source Host           : localhost:3306
 Source Schema         : saq

 Target Server Type    : MySQL
 Target Server Version : 50731 (5.7.31)
 File Encoding         : 65001

 Date: 06/11/2023 16:41:57
*/

SET NAMES utf8mb4;
SET FOREIGN_KEY_CHECKS = 0;

-- ----------------------------
-- Table structure for answers
-- ----------------------------
DROP TABLE IF EXISTS `answers`;
CREATE TABLE `answers`  (
  `id` bigint(20) UNSIGNED NOT NULL AUTO_INCREMENT,
  `question_id` tinyint(4) NOT NULL,
  `user_id` tinyint(4) NOT NULL,
  `created_at` timestamp NULL DEFAULT NULL,
  `updated_at` timestamp NULL DEFAULT NULL,
  `title_answer` longtext CHARACTER SET utf8mb4 COLLATE utf8mb4_unicode_ci NULL,
  `image` varchar(191) CHARACTER SET utf8mb4 COLLATE utf8mb4_unicode_ci NULL DEFAULT NULL,
  `video` varchar(191) CHARACTER SET utf8mb4 COLLATE utf8mb4_unicode_ci NULL DEFAULT NULL,
  PRIMARY KEY (`id`) USING BTREE
) ENGINE = MyISAM AUTO_INCREMENT = 63 CHARACTER SET = utf8mb4 COLLATE = utf8mb4_unicode_ci ROW_FORMAT = Dynamic;

-- ----------------------------
-- Records of answers
-- ----------------------------
INSERT INTO `answers` VALUES (2, 7, 3, '2023-10-05 03:35:53', '2023-10-05 03:35:53', '<p>If you have a Lenovo laptop, other than being super happy with your purchase, you probably need to take screenshots and annotate files. Whether you want a snap of exactly what’s displayed on your screen, or a website or PDF or any image — taking a screenshot and adding annotation like arrows, boxes, ovals, highlights and more can be tricky.</p><figure class=\"image\"><img src=\"http://127.0.0.1:8000/media/download_1696476951.jfif\"></figure>', NULL, NULL);
INSERT INTO `answers` VALUES (3, 6, 3, '2023-10-05 03:37:27', '2023-10-05 03:37:27', '<p>I\'m creating a dictionary website&nbsp;and I need the question titles to be full width&nbsp;of the&nbsp;question lists box. How can I accomplish this</p><figure class=\"image\"><img src=\"http://127.0.0.1:8000/media/IMG_20230817_131653_1696477043.jpg\"></figure>', NULL, NULL);
INSERT INTO `answers` VALUES (62, 5, 1, '2023-11-06 02:11:28', '2023-11-06 02:11:28', '<p>test</p>', NULL, NULL);
INSERT INTO `answers` VALUES (61, 1, 1, '2023-11-06 02:04:58', '2023-11-06 02:04:58', '<p>The best ansersdf</p>', NULL, NULL);
INSERT INTO `answers` VALUES (60, 1, 1, '2023-11-06 02:04:45', '2023-11-06 02:04:45', '<p>helo</p>', NULL, NULL);
INSERT INTO `answers` VALUES (59, 9, 1, '2023-11-06 01:59:56', '2023-11-06 01:59:56', '<p>yes</p>', NULL, NULL);
INSERT INTO `answers` VALUES (58, 9, 1, '2023-11-06 01:59:27', '2023-11-06 01:59:27', '<p>test</p>', NULL, NULL);
INSERT INTO `answers` VALUES (13, 7, 2, '2023-10-06 06:59:55', '2023-10-06 06:59:55', '<figure class=\"image\"><img style=\"aspect-ratio:570/228;\" src=\"http://127.0.0.1:8000/media/o1N8P_1696575590.jpg\" width=\"560\" height=\"228\"></figure>', NULL, NULL);
INSERT INTO `answers` VALUES (14, 7, 2, '2023-10-06 07:01:09', '2023-10-06 07:01:09', 'What precisely doesn’t work? Are the image URLs still using the old domain? In which case you’ll need to update them all to use the subdomain.\r\n\r\nYou might be able to do a search & replace within the qa_posts table to change them.', NULL, NULL);
INSERT INTO `answers` VALUES (15, 7, 2, '2023-10-06 07:17:34', '2023-10-06 07:17:34', 'It’s due to some changes with the urlencode function. For some reason this didn’t get updated in the htaccess-example on the bugfix branch, only the dev branch.\r\n\r\nThanks a lot Scott, I toke the solution from', NULL, NULL);
INSERT INTO `answers` VALUES (16, 7, 2, '2023-10-06 08:55:42', '2023-10-06 08:55:42', '<p><img src=\"http://127.0.0.1:8000/media/download_1696582528.jfif\" width=\"351\" height=\"144\"></p>', NULL, NULL);
INSERT INTO `answers` VALUES (18, 4, 2, '2023-10-06 09:07:56', '2023-10-06 09:07:56', '<figure class=\"image\"><img style=\"aspect-ratio:600/292;\" src=\"http://127.0.0.1:8000/media/mynotification_1696583245.png\" width=\"560\" height=\"292\"></figure>', NULL, NULL);
INSERT INTO `answers` VALUES (19, 4, 2, '2023-10-06 09:10:30', '2023-10-06 09:10:30', '<p><img src=\"http://127.0.0.1:8000/media/download (1)_1696583420.png\" width=\"298\" height=\"169\"></p>', NULL, NULL);
INSERT INTO `answers` VALUES (29, 14, 5, '2023-10-31 02:16:45', '2023-10-31 02:16:45', '<p>Navigate to the Video: Go to YouTube and find the video (Shorts or otherwise) that you want to embed. Click on the video to play it.<br><br>Click Share: Below the video player, you\'ll see a \"Share\" button. Click on it.<br><br>Choose Embed: After clicking the \"Share\" button, a small window will pop up with several sharing options. Among them, you will see \"Embed.\" Click on \"Embed.\"<br><br>Customize Embed Settings: An iframe code will appear. This is the embed code that you\'ll paste into your website or blog. Optionally, you can click on “SHOW MORE” under the embed code to reveal additional settings. These settings allow you to choose whether to start the video at a particular time, show player controls, enable privacy-enhanced mode, etc. Adjust these settings as desired.<br><br>Copy the Embed Code: After adjusting the settings (or if you\'re satisfied with the default settings), click on the embed code to select it. Copy the highlighted embed code (using Ctrl+C on Windows or Command+C on Mac).<br><br>Paste the Embed Code on Your Website: Navigate to the editor or backend of your website or blog. If you\'re using a WYSIWYG (What You See Is What You Get) editor, ensure you\'re in the code or HTML view. If you\'re directly editing the website\'s code, simply find the spot where you want to place the video. Paste the copied embed code (using Ctrl+V on Windows or Command+V on Mac) where you\'d like the video to appear on your page.<br><br>Save and Preview: Save your changes and then preview your website or blog post to make sure the video appears and plays as expected.<br><br>Remember that when you embed a YouTube video, you\'re relying on YouTube to host and serve that video. Ensure you have permission to share the content and that you adhere to both YouTube\'s terms of service and any copyright restrictions that might apply to the video.</p>', NULL, NULL);
INSERT INTO `answers` VALUES (25, 11, 1, '2023-10-31 01:33:45', '2023-10-31 01:33:45', '<p>This plugin use ChatGPT API to generate answers. It generates answer according to question title and content. It currently available with SCEditor and Default WYSIWYG Editor (CKEditor). To generate answer you just have to click \'Answer\' Button and Then \'Generate with ChatGPT\'. It will insert generated content into the editor.</p><figure class=\"image\"><img style=\"aspect-ratio:600/1071;\" src=\"http://127.0.0.1:8000/media/Screenshot_20231029-0657192_1698716011.png\" width=\"600\" height=\"1071\"></figure><p>&nbsp;</p>', NULL, NULL);
INSERT INTO `answers` VALUES (28, 13, 1, '2023-10-31 01:52:46', '2023-10-31 01:52:46', '<p>It\'s Just The First Impression. I\'m Still Working To Make It Better. If you want any changes you can request.</p><h2><strong>Features:</strong></h2><ul><li>Responsive for All Desktop, Tablet &amp; Mobile</li><li>Mobile First Design</li><li>SEO Friendly</li><li>Fast &amp; Furious</li><li><strong>Fully RTL Support</strong></li></ul><h2><strong>Modified Plugins Plugins:</strong></h2><ul><li>On Site Notification</li><li>Badges</li></ul><h2>Screenshots:</h2><p><img src=\"http://127.0.0.1:8000/media/sppi_1698717162.png\" width=\"600\" height=\"462\"></p>', NULL, NULL);
INSERT INTO `answers` VALUES (40, 15, 1, '2023-11-01 02:34:58', '2023-11-01 02:34:58', '<p>Step 1</p><p><img src=\"data:image/jpeg;base64,/9j/4AAQSkZJRgABAQAAAQABAAD/2wCEAAoHCBUVFBcVFRUYGBcZGxwdGRoZGyMjIxoiHCAgIyAcHBwcICwjHCAoIRwaJDUkKC0vMjIyGiI4PTgxPCwxMi8BCwsLDw4PHBERHTMoIigzMTExMTE6MTExMTEzMTExMTExMTExMTExMTExMTExMTExMTExMzExMTExMTExMTExMf/AABEIAKgBLAMBIgACEQEDEQH/xAAcAAACAgMBAQAAAAAAAAAAAAADBAUGAAECBwj/xABGEAACAQIEAwUEBggFAwMFAAABAhEDIQAEEjFBUWEFBhMicTKBkaEHQlKxwdEUIzNicpLh8BVDU4LSFrLxF3OTJESio8L/xAAZAQADAQEBAAAAAAAAAAAAAAAAAQIDBAX/xAAtEQACAgEEAQIDCAMAAAAAAAAAAQIRAxIhMUFRBGETFCIycYGRobHB8AUVQv/aAAwDAQACEQMRAD8AqdHtJ1fw6hqkX0MrG8dJw+lQkAgVSDxDG3UX+WExlfEQEUnE+ZW17H8RjeTptTY+R4kalL2vx/riB0NpmCTGmrtwY/EX+WBZ9qkKaaVQwuVLGGA3jkemJBMlqUMlIAz9ar9/I8jg9HItYvSQm/8Am/3DYQURmVzC1ACKTyVJI1bxxXr0xrLZpXBPgOInUDaY+ss8ccZvs406itoARiSump7J3I3scTtCgHF6VIGBc1N/3lvbqMAUJ06ZI1eCGGmT59xzHUccIIzpVnw1enUUwurfTuQefTFho9nupuKEb2Y2/eF9uYwPtrIfqiBToi8yrH9WftjodvfgsBWgjMAy06ZAEnzi6nh6jHSVCDGml5Zg6vaXl64H3ezodANNGn5iDqmUbnH2WxOPkWJBVqC3kQhMNy9+Cwoja2pVCkUb+zfdW3Huwr2bXenTWmWotoYhSTcgcMWWjlSAPPS3kfqzvxXEZnck1OtrRqQDfrFY0/rKIKe8XwrHQmmaq6nDJSQA6qZBnVzFtsNUazPqAekD7WxMHl64lstqdARVTn5KU7+0NuGC0sloM+Ox03H6sbN7sOwoqvbuZc02PiINJSoNKHcG4naMSWUz7VdUVEuoM+GYtviU7YyrNl6qiqxgH/KFwb8sJ92nJRAKptwWmNiL7jnhWFAa1Z9UB1M07kUzw5c8Hp6yA3iCCm3hmfuxKforErNWqIlbIB+GD0KDQoFSqbEewPywWFFSao36VSPjDV4LADw+fCI3thvXXNSkUqJ4YUl9VMhv9ojHOZn9MQ+JUkCP2Ym3y44sNWmw/wAyr7H2B+WHYUQdCvUmnNS0Mf2R+dsFesyBCavEsT4dgOtsNrliDIq1iQkeyOOAdruyoVNSqJAF0GwudsAiG7HrOdVQVSfErEv+rmyix2sNsSdV3ABNX2jJ/VG0e7bHPdynU/RwddXzkxpQbE74kKlHUf2tb7I8o2G/DAAhl3d7GpBYyT4RgAbbjCHaWefTUQ1wpYf6ZBjby244n3BRSfFqheZQWUe7EPTpVKtRdVVz9epFKNKr7AvzOFYwIFRKZp0nXUFATXTIUKNyTG5x0K1QqNVRVbT5opkhR0MccT7hyDqqVRNzCCw4AYXXKsDPiVuZ8o34LhgRdUOo1+KoEf6Z8qxuepxA1nqVqifrF0UwWgIYXlrgXY8sSvb/AGy1NGIqueADUx535fwjGu6hqGmxNRhJkgUwSXPE/ugYLEcGo+kMaiCNgUMgfaNtzwwrSzTkgTTG8alNv3268hiwZmgzf51X/wCMX/eNtuQxH5nM6PKK0kGTrpC0/Wa1zyGACMzOfNOBrpFhJuP/AMmnjyGI3LvUB8Usj1HBIVhZeUjgTyw2uUatVln8ikksKXtHh6n7sSzU2iPFix2oj5W368MFhRCpm6mkaxSDm5UX95PPpjv9IOnUz0gNzI39eZ6f1w00U9652tNMceUj54jMy7OY1qxiFAp/MD8TgsYrmc/UqQiugDXJAvHM/lglHNrTULNLafMsk9ScO08q6AxUgmxPh8uG1h0xWO0aztUPmJi0xG3TDQiy93648PSTT8pI82rbhtg+fpBoJq0kOywDc/ZJPA4qDVq9Jo86sbEQZkYyrm67QHLHisjlxFsFAWygdJBFyPaEHyenMdMS+WzgYANoWW8rBCQf75Y8+pZrMatQNQ8LA3+GD/8A1ZB0irC7gA2435HBQHo4pgqVeGBBuaf9/HEIlE03KMCxkEeT6oHtjkw+cYrSZXPvqhK50XaxsD05RjdLLZ12BVarQJ4+yduOxwUB6Jkc9qADEeYwjLS3tvfY8xglN6WYR0FRmCmGhFGkg+zfcHFA/wAH7QvppVQFNx9k789/THVTu32glM1GpOqi7HULg8xqk4VDLLnuxxl6ni0lYq/lYMFIBJuI5EbYnOz+0bAFm0N5V8qggAcb7jFAp9gZ530KrnTuNYvxG7QbHBq3dTP69IpvMiQGECRO+rbBTA9KVgpk1H97LvwbHPaD66ZYMZQ6x5l9pdx7xOPNcx3Sz6hWemQP4wbekzjeX7p513KqACtoZ4BPMTuMFCPQMtndJVw7CmwBA1KPa3nlglPtCjUeoC7TTbQ01IBkSIvcYoSdx88ztT0rKorHz2IaQIMX9k4HmO5WdQFmCnSQCqtJOrjEcMFDPTRmabKV8QQwKn9cMV/sSsKdMS4Ghip/Wi8NHw44qeW7lZt2YeRCth4jFQeqyvmwyO4OdJKRT1Uwurz2OqYI8s8OOFQHoWYzdHdqiRII/Xc/THeWzlG2mpTgMR+2x5wO4Wc06i1IsrFSqMSbGJIC4LT+j7NF2BemkQqlyQGMbrK3w6AsOZqqahcVEj9ZfxRzt92JWt2zRNRqbOseGp1eL5bnaeeKcn0eZvQZalafrGDH+3A630eZpQpFSm7AgFUJJAPEiNhhUBd6edy0nTUpbgfteWIntXtCm61WWohgMAPF3gcOeK7U+j7MgVHNSmuiy6iQG6gleuCL9HmbXTL0vM2geYxJBM+zhgWvIZrL0qNNPFpHQgn9bxONpnsqTapSkWB8U8dzinZn6PMykRUp1WUwVQmb8xFsYn0e5kliXSnpYKuskBp+sLYBFpzOfpvUgVUCLa1WxGE8r25SRlLXNZjMVPYVbKHPAccQtT6Oc0hpfrKZ1tpEE8iZ22tgGa+j/Mowh0qMCJFPUTB4kRaMFDLm/aGWY3qUif8A3Tv+QwlnO1qcaEqKFUTqFXfnHU4rA7gZjXBqU03C+ISJgTIBF8aqfR5m0ZZNMzpiGN54xG2CgJLKrSq1NdV6fhJdUapz2UfecTKZrLXCvTEm+mtExsPQYpub7jZoObo5BgimSYG17WxmX7h5py8MilSBDkgnqARfBpEWnM9ooAUpPFpL+MOHr8hivZ7PSVAYkVCAJqAkHi7dY+GFT3BzgknRYxAbflFvfgGa7mZsN7IaPL5CWj1gYekLLRRzdJVFNaggT/nR68PnhOt2gglabEHTdvGkegxV17sZhlLroknTpLQ1jFhF74NU7lZ1QSaY5WaZNtrdcGkLHq+cnzM5ZeRcS2O6C0R521FzeRVAgcAOmILPd28zTOl0AMWAJJPuAwJuwMx5ZpMJ4kMI9TFsGkLLJmu0FVDDPYGB4vE4q0rxN/XHeZ7Ar09JZBpYwCDM/LEvl+42adQ8gTeIOGosVouiZOq/aMOKaquogqs65USb7G/yxZz2PRmWpq7c2AJ93LFbzPb9KnnizzYin0lgt55WxZE7ZoszqrglACYPA23xSkhBKXYtCZWmEPNbfGN8C7ZyFZUVqFRVYsqtqUXViAfeAZHph/LZlWmDMGDjXbGdWnSB/fS3PzDDYIX7NyYJriqWqsjBJJjUNIN1FpviVyWQpCkieGICgD3dcJL2nSoq1Sq600LwCxtJHE/L3YFR715P2PHSwBmbX5HaemFYxntDsV3/AGdd6QghgACWH8REz1w4ciuhdUuZUyx44Q/6nydx+kU5j7WN/wDU+T0geOliOOFaGTFTLIwhkBHpiC7VyDDN5Vkq1EUsysoO8ISLxPDBn73ZMNp8UHaIBuSYgW3w5nwprZdz9UufipH44VhR3TyFNampVAOkieJvJv64PUy6tZgD6jCXavb+Wy9REqvpLKSLEzcTsOuI6n3yyTCfEYb2KNw92HqQqHavY6msKniVVGgqUVoBE8eOHsrl6dMsEQLce+2IMd8slq/aNsfqN/xxtO+WTmfEbzbeRuH+3BqQUWJ6asIZQR1GIB+xkbOs+twvhDVTDkBoPlJg7C9uuOsl3wy1SqtJS+t2hRpN7TMxYb74kmRf0vURfwoB/wB22C0wCdjUVSmVVQAHbb1w8yA2IBHUYq2e735fK1KlGoH1glgAsgg3F+GAp9IWUIBPiCf3dsFoCXqd3qDEuQ49qUFRghk3lAYxKU0VQAoCiOAx5230n5cEoKdVo1cFE3sR5sS1H6QcoQo/WTH2cK0BZ+0oNKoGuCp3xBZ/sml42VaWUBj+rDEKx02OmYkX+OE378ZerFII+uqdK2EXO5M4nc/l1NWgYurEzy8v/jD2YEooVbAAemOK4UrBAIkWOK93h72UcpU8OorliupdIEESRvNtsIN38ypX2avA+yPzwrQyw1exaJq06kMCuqAHYLffyA6fliSVFAsAPTFNPf3KkiFq2BPsj88df9d5U7LVmJ2H54LQFsrKpKyAYncdMQVfsyke0KbyRFFjpDGD5hBiYsJ+OEez++NGtVpUVRw7zvECAZvN8S7UP/qUbiEZZ6Eg/h8sPZisl1RRYAD0wIUkLNIBmJxUO1u+9KhWei6VCyEaiIiCAZF+uA/+oGWBJ01eHAf8sFoCfo93aC1PFGsGT5RUbTJ46JicSVOkosAAMUxO/wDl9JOirY8h/wAsDrfSJlxslUmRMgD374E0BZz2dTam6ugIOqLdT88ReQ7tU6eYd1epp0LpQu0KTOowTxtgXYve2lmnalTV1ZV1EtA47C98S+XrDxXvbSsf36zhiOxkVGygY4qZW204aOZUcccnNJzw9TCkUTvt2OrU0YSj6wAwm02xNZXsZQig6nOkeZmMm3rhjvOyVKIAInWp+BGJFM5T0r5h7I4jliXMNCPnhswx9q/OeeC0az3KzHG+EsshYwSQJ44kHcRpX2fvwUMmcv3wzagAVBA/dHzxi97q71ENVtdNWDFYAB03G3XFda9hhmjRA9cOhEl2n2/XroabuTT1l1W1jfjE7HCuXaoZOoAAXJGNpTHL5Ylch2cK9SllwdFN2ipUI2G5vztA6kYmQ4kSczUBsZ6xvhnMpUpqCal2vpA2w/Uy1GnUamvmSk7gNEmpDGCSN8JZhWdixU9LGwwluNtC65upqDEkwQduWLNlu+lTw6iVC7VD+zcEeTbp0xXzlz9k/A46TKN9hp/hP5YqkKzXaPalauyvVqMzKIBPAY7ydOo6M3iaVXpucdDJv/pv/K35YerZVjS8OnTqaj7XkPH3YmXA48kOjuTIc8YNsO56hUpBP1pJPCNsWrt2gnh5ZUo6B4a6glI6gVEHUQOPLpiBz+WqVHkU6ukCBKN+WErsG1REUczUVxUDnWuxFiPQjHoPYWZzFTKMarPTDatOYdiS07eEg87kRwgdcJ92O7tMI2bzYIo09kIM1G5Eb6ZgR9Y9N7J2ZUWtUfM5p0SnShRTZgFQwCEuY8qlSY3JjZb6xhe/RnKdbds12R3Qp1D4lRGM/XrHXUfrp/ZoPUMeuJnP1Mnk0E0qYMHSgVZMbnay8zt77Yi+3e+qUxppRqNtdTyj/arQTzltI43GPOu1+1DVbSz62cjUdUlwJJAAFlgEDb0ExjWONcy2XjsylmbemG789Iu+WzyZtHrVKWWpUE+3SVywiZlo0iCDtJkWE4R7Q7BydRSxR6UDUXpI1NlX7ZpVJWpT5skETtiP7tVNQp03OpXr02bl+0UafigJBvDXjHp3auTFanpnS4vTf7Dc+oOxHEE4zlWpk45Tlqp8HjnbfdevlNNZXFWkY0VkNr7ahuvxI6zg2Q71OmXqUmV3qsHioah8siBE3ti191894dd8nVUCnU1FEOyNMPTH7uoWHVOeIXvd3VNGoHpKWptfSBMc46SQI4SOBgJxSNsWTXGyl5qvUqNqqOxYWkkk+l747yFDW4RnYA7QfzxJp2NWNxSqR/Dg1DsXMKysKFWxn2DiWti0QdXLMrFQxgEiSYwQZeafiK7SNxOPQe7Vd8vUqO+UrOHAgBBuP4oGK6Ozsx4lVjl6gWpUqNpAnTrYmLeuM7ZexVqdR1YOGYMNiGMj0IxOUu9FRcs1KGLsSfF1mRwEcbDrjT9g5if2FWP4MBfsasLGlUBOwK40pEEPXd3YszEk7md/UnfHeWTU2l3YA7Xw+Oyqwt4T9PLjodjVyYFKpP8ADgoaIutQdWYaiQDzxx4epSysSRvfFjHZ2ZAH6iqHAInRvh7tbu+tNKD5alUE0/16FTZ+cniZItyGItorYpVOq6ElWIJ4z+WJPtHt96lOiihkakpVnDmXnnHKMEr9i15kUKoH8OFa/ZNZR5qVQA2uuLIFH7Rq/wCo/wDO3545Gbqnao/prb88Efs+qP8ALb4Y1+gVZtTefTBQ0KtnKhMF3MXgsfzxydZv5j1ufniSTI1VcOaNSRM+XfHqvYfePL08vSRqLBlQAjw+I92ENHio7RfTOlbdMb/xKpAOleW2OFyJ54L+i2jhh0Kx/Jd6KlJQopUj1KAnErT761PKPDozN/1Y5Yr1Hs0tfYYaTsfrh6WTaJip38rhgBTo3j/LHHGk79ZhA8JS1Fp9m0RwGI8diTBJvhfMdnAsFUgtt6e/Ey25KW6JZe/majVFIHYfqxjdXvrmXYMTTkLAhAMJ0u6dYiBoab2acTOX7olFJ8rvHsxv88ZvLFdkaoojF76ZoGB4ckzOnDNPv1mxLBknST7A3xwvZtQlkGWDEbgcMNZbsF3IU5MLzJJAGG8iXIKdIlez+/dc5apUqvDyAgRUiZ3IN4jERm/pBzjj2kAHJd8SPanY+Uo0yIluAU7Hr0xXMj2Qa76QDp2BA3OCM1KN9BF3wTuY759pJRp1dSaak6ToHDcb4k+7PebP5utSohlhv2h0RoUXLfcvqwxZ+xO6a0aCUnAqRJJbgTwHTE12X2atIs1NVBZlUz9VRdojj+Q5YdtGlJkF34zgpVMrRmKa6qh/eZbJYbkMdVuMHFVrVhqLUKI8RyT4lSUiZnSrnxT6Kq+uPV8/kKVWPEpJU07alBid4nAGpml5aFGmq26DjNlHC3rONlmlGOmJi/TY55Ncre1VdI8mqd3a1Ql6jVSSI8lKoiRxHs7HfeLnnhPNdiDS3h+Gw0wUVQBI4ltUh9tgJPqce2ZapUv4iKo+rHEdRwOEu1ex6OYEuCtQCFqpZ09DxHNTKniDjJynd6vzR1L4CWnTS9meKdkZ96TFHJAJXSTYowA8rAgQYCCdvKPf7n2R2gteklVfrC45MLMvuYEe7Hl3avZQqO+Ur6VrUxK1FEB0b2aij7J2anwIMcxJfRn2q6VKuTq2cSf9yQGIPHWhRuuljxwlkU209muV/KMp+n+FJTi7jLv3XkP9IlDwq9KulizC45iFN+G9Nv8Abi2Ziv8ApOSFZPb0eKnRlB1J7/Oh9cQX0n05yWsbo636NK/eV+GA9zO11TKZgVGAWiWqXP1Ki6ryTu/i+uNk/pvw/wBzlUdOVryr/v5lGzveTOI2inVqaQTB0gyDccN+B6g4YyXe3PEFWq1AY8pKWEcIC8euJLubUosKtOuQNBUgnrZh6THvJxdU7v0YDDY3EHfHNkcozaS49zrjG4KTfJ5jl+9WeLHxcxURJu2gEgdBGI9e9+dGpkruYYyxiSDtKxAx7HmuyKFRDTamCrCDa/xx5tmO6SUndJYjry4HDU4t1YOLSIkd8s5oZv0moIWeBkk7bWjFk7ido1a+bojMVWrKwb2gIB0kxbfbCKd2U0sI3j78ao9hGmQ1NmVlMgqxBHoRjXSzPUj0DtDNZajUzJaNYZQEYHSqhFMgbAkzfniP7qd5aeYzLU/DpKpBKl7G3ATueOKj2j2ZUqEvVqO5O5Y74UXu8u9+czhaHYa6JnO/pRp1qy5usAtWsFI06ECsdKzvcYT7F71PTy9RM6KlQ1VbwqkglTEAaRte84U/wYgaZbSTOmTE842nA07sITJZ59bYmSaVsqDTZeuzO9vZtOki1Kru8DUXDMZi94ge7Fa7098qHio1CmHp+G6lXUgBzs4HMXviFr93lVrjfY88AfsJcOK1K0xyel0zjK94A9akagPhJOtQSC/qRfFyPeLs/UStJWkAgeaVjqTfFJfsQcMKv2aAbjFaGJSSLd3hej4WulnCKg82lW5/VvwGKVRz1cifHqfHHbdmA45/w+LYTVFJplmbuTnFElEAH74w5lO4OaIDEU73Et/THX/VGcIjxB/KPywel3pzYAAqD+UYx+biumLSqOz3LzCkA+HeI839MMU+59Yar0/L1P5YCO8WaJk1L/wi3ywde381H7S258q/lg+eh4ZGh2afuZmSQJS4uQ1/QSLY5/8ATarxgSPtjf8Al2wyvb+ZsfFv/CPywcd4s1/qmf4Vt8sY/O41wmapPs1ke5edpqFFRAIPssP+GIXvD2F+haGr1KmqoTBV5234Dnixp2/mf9Q/yr+WEO1Qc0VNeXKTpm0TuYA6D4Yn5zGv+RfD8FQXP0kLaalUCeBv7+eN0s+r6VNWqdRgDVuSbYm/8DoGxpDnvg9LsmihVlpAFTKnkd5wn63H4f6C+GNVvo8zJQhGpiSD5nJPxC4sfdzui2XKltDBQTY8Tx2wo3b+YNvEI/l/LGDtjM/6h+X5YJeuxvamUotFp7SzXgp4lQeWQDF9+nLEQnb9NcvmsxDGnTYmOJinTMDlJJ+OIbPZ2rVXRUqFl5bfdhKnl9WVz+WXdkFRRM+0hEfGl88Vh9TGc2lfHYqlsROZ70drPDhqNNTcU7EqDwJI39+Br357QT25J/cFM/euFOxaFLN5pFrs3hPTOlFYqNYN1JU7xqPWDyxdB3LyI2pv/wDNU/543TbVv9DHBkzVcq+6uCsf+o2Y4kr/ABUg3/ZGNp9IGYb/AO4or60SOc7v0+eLQ3dHJ/Zcf7yf+6cJ1u4uUbZqo9HA/wD5wqfl/udUc8l9qCZVlziPX/Sa2cSpU06QBpUAQ3lAU7DU3CTO+D92Knj9rJUpTopofEaN4RlBP8wF+QxPJ9H+SB8xqt0apb5AYsXZnZ9DLp4dGmtNeOnj1JNz78TGCjNzbbdV0aZfUvJBQUUknewLvvQ8TIZhAL+HqHqhDD/tx5OWR1SszEAKoZQbMVuoN7w02i9se0u4IINwRBB44o1D6O6C1S/iuacyEAAI/d8QGY9AD1GOjHlUbs4cuJzaadCn0ediVKr1KrjTTcMrMeJkHSo46SLnnbcED1BcsUCrrUiBFrwMV3tbNjL0kp0iKRkBAsCFUXgctvjiAqdqVmMmoxIETO3pGPO9V6qKk1Ts6Iaow0o9BpEMSAfZ3thHOdjrUbWHOqIMrYjFLTtWuu1RhPXfGN2xmP8AVb+Y48/5md2i4ydfUT6djVQdPkgyQdW0cDbAn7PYOySkqAfa3Bnp0xWmq1DuZnmcDNM7lF+GPQX+TSXBk8aZbMl2QatRqZIUaNQYeYHhHDD/AP0sq71oAH2Dw9+KRlsy9JtVPyHaVEGPdwwdu38wf81/icWv8nF9Mn4aLSewKUj9f/8ArOC1O6qgx4nWdP8AXFOPeDMcar/E44ft6sd6rH1Y/nh/7FdRY1BFg7w9lU8vR8QvrlgoAWJPrNuOIN8oFp+IXBFrWkTwscKZntKo66WfUORMj4YTOZIt5fhi4evxRX2Hf3mWSGWUtpKvFfyGr1EHEHCNbM09rX646OY4QvwwFqg5J/LhR9c+0auC6E6lVRcHAv0tcNtWHJP5cca15L8MV85fQKNHYpnY/LB0WYvw44HTRokU2J/dBjhI+7447pszeyJ9DtbaTuMcbsoeTL9RttN/vuPTHfhmJm3SD8cDRzp0mxg8LkwbA24j5YItIwCSxB3AO1iDMi/sgcrdcZOxjFHMKwOlpAsdpB9JnDAIi/l93D/zgGSy4QavDgspjyxqBMTqA+1frbHYosp0sJaeQEkXjqLE/wBjGcvYYZayggQSDcCJnDKVhZiLEbxYW4jhhKGkINI2M8rWPyneL8MEVwWRdRkRAkdBtp4gn54zaAPSrQbrAF4i9+d8dJVF5i+3rynHD1BYhgoCkwOWn6s8CeuO6FNmEyouD5uMgTsLbHjuDwM4TXgA9OmLAm8SZtv/AH8scOi76ovz/vfHGYonZDqsJgcCeIJ3/DY2wNXuFIi0KrH2uU8re62JSkAwzKDBPCx5/HBMhmPDroxsHBpuOWogoT/uGkf+5gVCtFgLnYHoJgDbngdR1KlSshhspggLF5teTFtrccaYpOE0wKT3oyxymZcKD4bkOkWKmZDIRsQRHuB44sXY/fzyhawL2tUSJP8AGhiDzK2PIYF26n6RSKOJqoJX98HlHOOGzDHm7lkJAJHod+tse3jayRIlDe4/ievt30y32qhPIU3/AOMYj8z9IdNZ003aOZUD5FiPeMeYDW27GOZNoxLZHIVCNVOkW/faAPcW39wxqsaW7ZDci4UPpI8w8SgVQ/WVtXyKicXLL9oq6hlIKsAQRxB2x4tXzTFHVxBBKkdR+Rxd+7mZK5WmDvp/Ex8sZ5oKKTQ4Nu9SLbnu3EooXdwqjifuA3J6DFUz30hsbZeixH26ggeoA/EjFZ7Xzvi5ltV0pr5FO08THOfuGJfsXKKyJVc62gPB9lBwCrxbqZg4yk1jjcjVRVW2SPZq1qimrmGLVHM3+oo2G0DcmBG+HKlOBb7id/TB6OZdhEW2mZve0gyOXvxqvIKsVIkTII6bzvvPwx4WWcp5HJ9jVJAPBvBPxBEdbfjjTZRo4c9rn+5xt81YiG3k6Re5i54kfDHPjuLMxIsAGBkAjckGyyfuwtMgsxae3A+h+GCLTkzO282xj0vKDJlhIgbAngDvcxa17HHZEx59gCJWRI6Hn67zhNMLBVKcTPPrhdjIkTExt8pw1UZ7AwZ25tvK7mTxjngDIR5WFwLiZ36D+74qKEaqLcDV7o/HA9KA+Ygb8D8sHpUSZuQBxZTe4ERw/pjhQShEgnfrG5I9ACTP44pIBZaSkSDz2nhx5RgdSmsWgm9vTBqyMjSBG12NoIF548/eMB1rF9rSRx578caJMBR0U8P7HvvgbUgON+AH48sMOACVMnab3uLEmIGB6TsBxk9LccbKyRSqUFgb8b/0wKBzHxweu6kCQYg+8n7sC0ngQByO4xsuAGqWYcDReCwgfvXGoGd4JHvPPDX+JusA+dZBIvuu+0k263HriOo5sRJnygEXuYsLx1n1xpXVgCTBBPDgeu3EmMW15QFgXPAQVAKsB5wvwkNItETaY641WzIbeILC5N9NgBAgCASPTe+I3L1adp1CPrg20xFgT6cRsPdt2UFlVw0GA7CN+IXfjx6+/NgTb54ADy/VEAcQbzABDSSvON7RYtDPoXBMzuZboBAjb3bX98YuXaSILQsuAIkSAdx7p4yJB47cLJ8wIFxI3+tFjHJeOMmx7k3TrKZRaa/Vg2AMA3jmZEj1nYyfO56k8aljTaFm02+BNoMxtsMQFGsFUzAWbgkHSZ9kdRtPGYkbY5y/aqkhxrUi6ruLnjNjMEz1+E0wsm6naaKZ8MNdSfKSIgcuUAWiRHADG6PaKamhF1EzBURbaNyJMxbdjHPEI2ecEsCGYny7mIJ4c5N78xfHFSo6mxAe5YcTvu31jtaePTDoLLEM9SZYjzKZtaBEEXJIGrTx/pts1RUghPMrMqvGq5XzTfy+0dgRfpiCdyzGAszBG8b3JG0gmwB34EY7o6okFZmWDAwNI30xaR6xJODYCcyWep6jTKKRBjcEMTsNQABAN7W92B1KlOyhSy7FjwMKSvkIuSCbWkibXEWcyHgsSUEq5CieF5Jk/wAQi3z4riEMaoQmLljESJuBcm3KQeGLi1wxGs/m6ToGclXEyQtw1gRMEEGCw4ERxGPP+2aU1GI0ncgrseduF5MdbTbHoFGmHWCrCQAoN5AkGLbjzbHaOdk69CmpJZVZYiDwIiIMAjcmLQYtwx04s0YBZS+yCgOtwDBAVTtPM84tidftsR0/u1uNtsSR7LoyFWmGZt7AQP3ZFuvH2hJtjlezFBACxJuBEWF2WZN5jl6Y2lmhJ2xcFFfUzw1iWk+pufvxaP8AEhTCpELpBU814H5YfrdkogFQ0yQxBDRebXBBEAxMRF99ozMdn0nnUL6UNyIEBQdEAACFFo54cvUQlyJbFRpzUqM+rSpJ1NuYJJsu5t8MWzIZtAgp0klARx0htwSS0ajJ9xsIjBv8My6ogRfNJbYWOlTx3unADdovga5SndqYte0XIi+nlePSOM4jJlhNUO2MHODUQECkE7WuJkwdrHccjGJAvUEvN1bQQSCSDYgD2SIabxN94xH1AHXhMzrUxvYjSTZjxa8x7xsSQglQLlTv85MXE22IxySjAdjqOrFygN4BkzZDJIFuEG0mx4GcbFRWRSCQNVyNoBkSQQTPEHhwtZekWOphqlevlgXkKDAi2wjbEc9QByTPmMBr7HmOPX+uM9CfAWWGnUpwwEAVKntTBA0yYPPzDoSp54410y6gMxMkAHYRBLQB/CNpM9BhLK1mYBYkqJvPlgjc8Jve9sDWquoGFEbW9q5Oq3qPh0vOlFEgatMAu6Lq1aZE8RJZQdj7Itz3OOq+d1UwYmbE8pYKd5my79RztGMU0lrBTsI6i4O46DAqrjTp1EgNMRwsLmONjGBQTJslqufQAFU1HSsQSDqIuDA8wGmLC68RgOZzdMKrKCCDtHMkaiSLi8bjaPSOY6SWgwL652EEeglp/m9cZXQvpqaxIjdpI5jrY/3wpQjdjsZXOI4Cg8CxaJ34CCeBg4xKyHUfLpiQIEiPq84mLTEYia+qFZTvwBmSdzyFlk+uBU6ycxPTcwd/hI9wxaxLoVkpWzSQPIB5wdM/lFxMDhthZ6ixATjsD13HPbaMRlSsSxgW5+luE26fljRb2jqZTFrRG5Ez0xqsVBY+2ZplgwWdwykmJgD8Jna+FznKYJBYTPI/nhWvV2vw4X52j+98BpgxvjRY49iNPWZbQIHBuO3P+7YYpVQuxMXmLcZwrSZCbk3P/nDS1EQgqNdrzaOUYuS2qgHGrlo03AECNr72m5PE+mOFqOW8y6TI2gX52PxOAtUVjYEzG+4+GDGsq2cavKbT+I5Yxa9h2PvUZCVLalBgwbTJO+8CeH44ZRCoBDEx7JnhsB6jmJGIulmAwkXmIUnl+H5Y6QtHnY7aQPq7zYdMZSiMZqASuudjxkyeN9tz1OD5imGLGw0wDwJMWIHW/vwHLmUICrqLe2xuY4LaFFsFbMiDO0zA4x9Un43xDsQSkoKhh5WTbkTaIibwPjhxFBcy+ovCoGMdY8wN7n+7YTzTo/nV2RTBuICwIvpiSNhjtMsNc0mkEbTBk+/c7n1xHO4cBzSdlUrZdRQFomRpkcoAM3+WO00iNfiETpABtB3HqZ2HLe+B5euRTKDySSZJIkixttPtD0OC06iwwNMVCtObE2i0tG580Yl7bDHqvZxOioI0lyABeASLNIgtcwZ4npiNroy6JgG+pOMnawEnyg8+GNUHcJUqB9IUgkdbAACbje3vx2G1lqmkAWD+a682iDPAYG2tg5GlqwCBpOkqQAASoIvc89tPTAnQaUeNRIUBTFyx3Wb7Ktz1iMJKqHS2rStrDc3+sDsT0vfB20GnSprq1A+Yt+7q26G1umC9gRj0w5JDwF1TO+8x1G207DAkpMoBYtYA7EiOUiw2PzwvXZ1J8mkk7gWIa/DgBhql4hvTJZYEjobQoJvG+B2uxUdVpO/m0yCb+ZTAAgmwBJnj8cK5pFcnVKoZVSFmdxEzE8Z6cL425AcqHsCVM8I3/LHTZliVUqAgB3vAG8Di39cOMmmJi1bI1EgLpOmADPGQW+ZiL2vsMdJT1aSWFNmJgCeVwRMg6iLk3nDGZqMh17sCoG1lJlSI42MnnvjVSrrK6aalDMgm8mdzuTeZxettbhQiuVVJBDA85sxN42vxPDntGGvZWUkQBaQYmIMxdbA78cbKoUL8hA0njFrc959OuAVqdRtTWI1CRJAMGdPl3BiI/wDOFep7sDl6zwHUhRx9JPPj1HDCrVX0g7S3GNvtQRf774Y9gM0GSTIB2t8fXphlWQjTBvALb7fZHE9TyGK1KPQUJU3dmYP5I4j2XFxABPlMEEDa/DHFYkMdHIbm557Cw69cNNmmmYEcYEFuWpdjcbj1wCvmWBYaVHKOMcAeF5+OKtt8BQwhkIGiDAjUSRN7Ryj34LoNMn6rBWA1AdRa3tmZkbb4jHzhuCTey8b8uhmT78EGYLMrAk6T5tV79OB2wnCX4DsZckiJkCLMAZhYveDM44qMwtykgkQNr7etp/DC75kgEhdiNo48vvwtXzRA0qSwkExzNveZJxUYSYEjWIRGaNcn9WB9VRMsQPhFr+mI59BDNbYEjYkA3j7/AI4wZgqDdtRgkA7xMT+7EW54HXq6iQBKxBj8Y4XxpGLQMXfMLtoIW17nrHX16Y4NY3sSLi/Db77nHQqiyxYWg/1/u+AtmgHlLHj8/wAzjoS9hG1dJ6ahJAjl92OKdYAQyhuR5jhjOCkaSI4/dgOrkLY0SEPLS20iTEmOuDJT0gHcxseGBioACBbiccLUJGM6bGHSsA2m89LT78Gy+ZChiYPADgOpwqctA1EEzseuNpTUCZjmMQ4xaAPTrbmLgWj8MdeKzNG/4e7CrOBa+GQNQJRoHEYhxoDtncHSQIi0HbrGDZHJu4I1AMLgHjHD345TSXViYWIJ4nDaZlQ5amPZFuuM5NrhDoWoOSSpHl4g7DB6TGSYIHBh9+O6VYKjsQPN7WOUzwYwB5eXL0xnK3dIKHqFRdEgsBqsxgyR64PlcmCagD7ITBsDPE9QbjESKw12AVQPZOxjnjuvW8SXmIja23DEOLAMa0gqy9TJvHCB88MCsAhUeRhued8LHM6gC/AAA8fdjtn8QhVECJ5/HCe/QG6VTzKABFyo/HBKOZA3Qkrw1QMI0lCmVBPAAnYcYOCvVaPKI81+fxw3BPgRuvmXYDgCZIHCBAHwwzTzbIurSQysII+AE/PEa7E+b6sn1nnjo1TCLJ0jfnc4NAWNZrMhjpI88kkkXljcHDeWqqKLIDsdUETLA2vvYE4j6tRL1I866ZU/WA2bA2zes+QGTMgcZ5DCcLWw3sTFKrTqVFSoo31T1jbouEu1c1TqVPDp0yIhVE7RafmTOFcuzN5iDYkGeGO1pKCzpdiIS+0i+CMdL/vIA/AipsCVEGLTA3wyuaSAALkhd4HX38MRz1GRZECdz06YBRrBzpA3Ey3ThjR49StiRL5xYdmkKJMXmdV4PoLYQ/SdNo02tF4n1wGpW82gRAm+8nHOTAmX8oNp5HhGKjCluPl0ONVEbyGjzf3tgOYOpQu9xtvvfAkkMF9r8eWFMw7BoaxEyOWKjDfYQ1mF8pMQo4xx5DC4zJiOXP8ADAxnGdtFzpHHjhZgS8AEFb32AxtHH1IRJMoIJ1fV2/DAUKqoPPf3YUd+I39caQOzXERxxSx7cgOLeTN/uHMY4NQLIUgTIMfH78KsDDQbnC/jlbEX64qMLAYdF34451C4mD+HrgD172G+M1jf440UX2BlUEkCJ42wcL6YAcxAhTPXAvFPPFaWwHC+rb4YOiWufdjMZiJbDO1fSCADHXGUB5p3GMxmIYwrJtOAFSGc7DgMZjMTEDqiZMHHako0jbljMZgZI5TzAG8EbkHjgYzyM0oNN+GNYzEKCpsDKuaIscB8TSQOfLGYzDjFUA+mZWQhwOrmmptCtH4jGYzErGgN081eCDIww2auBxI44zGYlxQG9QC6Rc7+uC5DM09Q1AwLEYzGYz0pxYwdQhnA4Dj0640mb8NpprDib4zGYcUmANsy9Rp1CN264HWruAWUQBbGYzFKKsbNCvqUBlGn+9sdLTDmFNwLRxxrGYTVK0HZoZSKestDTAUfjgq5QFFYHjjMZjNzlV+5VKxehmTRYwVYsIE3j05Yx/OdTNc/OeeMxmOhriRIGrQYt5FBXiRvgWbkCCTHLnjMZhwdsQJcq3tMIGOcnmCCQYkYzGY1j9SdguTMwdSlrTyGE8w9hz54zGY0gANaR0zjpaBgm0YzGYvUxHDKVWw344Xg4zGYtMD/2Q==\" data-filename=\"images (2).jfif\" style=\"width: 556.667px; height: 311.733px;\"></p><p>Step 2</p><p><img src=\"data:image/jpeg;base64,/9j/4AAQSkZJRgABAQAAAQABAAD/2wCEAAkGBxMSEBUPEhIVFRUQFQ8QFRUQGBUWFhUQFRUWFhUXFRcYHSggGBolHRUVITEiJykrLi8uFx8zODMtNygtLisBCgoKDg0OGhAQGi0lHSUtLS0tLS0tLS0tKy0tLS8tLS0tLS0tLS0tLS0tLS0tLS0tLS0tLS0tLS0tLS0tLS0tLf/AABEIAKgBLAMBEQACEQEDEQH/xAAbAAACAwEBAQAAAAAAAAAAAAAAAgEDBAUGB//EAD8QAAIBAgQDBQUGBQMDBQAAAAECAAMRBBIhMQVBURMiYXGRBjJSgaEUQrHB0fAjYnKi4UOS8QczghZjg8LS/8QAGwEBAAMBAQEBAAAAAAAAAAAAAAECAwQFBgf/xAAyEQACAgEDAgUDAgYDAQEAAAAAAQIRAwQSIQUxEyJBUWGBkbFx8BQyQqHB0SPh8WIG/9oADAMBAAIRAxEAPwD0lp79nghJASGAkgIAQAgBACAEAIAQAgBACAEAIAQAViNjbygGinj6i/eJ/q1/GUeOL9CynJeprTigIsyC/hsflymbwu+GaLKvVGF8QSb6DwAFvSaqJk5M2JTFRPu38LAzJtxZoluRFfhvw/3SY5fcSx+xgZSDY6TYyoiAEAIAQAgBACAEAIAQAgFlNefM7D8z4SrJLFTwB8TfU+HhIbJSL2ak+4NM+GolKnH5LXB/BS+F+Flb6H0Mspe6K7fZlDUmBtY38jLpplaYpgBJAQAgBACAEAIAQAgBACAEAIAQAgBACAEAiAWpiXGzH1lXFP0JUmjV9uVtKiA+K6H0lPDa/lZfen3RS9BTqjjybQ+u0spNd0V2r0ZS9Ijcfp6yykmQ00LJICAEAIAQAgBACAMi8z6dTIYLVHM/P9B4SrLIsLdSB4G+0gkzyxUIA61SNjIaTCdFn2o8wD5yNnsTvAPSO6keRjzL1JuLF7FL+/p5axufsRS9yVw6H/UHpG5+w2r3I+y66MDJ3/A2/Ix4e9rix8j+sjxUT4bK3wjjdT+/KSppkbGVFZeypEWAgBACAEAIAQAgBACAEAIAQAgBAJVyNjIoWWdvfdVPmLH1FpG32JsGKH4l9G/SPMOBGToQfofrJsihZICAEAIBKrIsFqoT+9h0EhsmiwqdgPIch4mQTyR2Y6X8Tf8AKLJoqtJKk2iyLIyxZIZYAZYFBlgURaABEkgkE9TIJ5LaeJYfeMq4pllJodMYw1svpIcETvY4xQPvU1Mjb7Mb16oX+ETqGF+Q5SfMR5SHw6H3X/3aSVJ+qDivRiVMEQLghvL/ADJUw4exDYGoBfL6EGPEiRskUvSYbgjzEtuTKtNCxYCSAgBaAFoAWgHLxHHaauaaq9VlvfsluoI+6ahIQHwvODUdT0+ndTlyd+n6ZqM6uMeDG3H6wqKPst6ZvmYVULr07mgJ8mnnw/8A0Omk+eEd8ugZ1Hhps20eO0WOUlqZJAHbKyAk7AMRlJ8jPRwdR02biE0edn6dqcKuceDpgTts4gtJAWgBaRYHWkTFii5MGTKuZbaQ4pJ79RR4XufQayNzJ2oofilAbBm8QLD6/pI5J4KG418NNQBzYk2+QtrFMWUVOLVToCF8AB3R1JPP9+ShZQ+Ka3ediPEnvHy5CKBQ7XOpAPS1/wDiSQeo7c/CvpI2jcT238q+kbRuJ7f+VfSNo3EisPhEivkbvgDTQ7Er+EXJE0mDYI7ggjw39IU16jZ7FQoN0PpLbkVpitTI3BHmJNihcsmyCLQCZACAEkCmAAuNiR5QBhUb4j6xS9ibZYMU+17+crsRO5gK/wDIsbfkX8Bemd1I/p/zHmHlIOHB91gfBtD+h9Y3Nd0RtXoxGoMN1I+Rk7l7kbWJlkijynHuIDEkUKTN2asxq1KZKhmXRaaOLE6m5I0GS1+U+f6x1OOOHh435j6Ho/THOXiZV5SmkqooRQFVRYKNAB4CfGycptyfc+rSUVS7A1boIUCNxnxNclSMma4Iyk2v4XmkIeZO6Kylx2LvYrCLVY1ihU0TkVaYVaINiCA6kmqRtrYC+159p0rAtu9yk383+D5Lq2Z34ajFL4q/ue2WiTyntWeHRL0lXV2C+Z/KV3FtpnqcVor7oZz6D1P6RyODJV47UPuKqfK59Tp9JFE2YK+LqP7zsfAnT02k0iLKJJFkg+kAnP05fTxPjADtLaD/ACfE+HhAI7TnfXr08oBIY+X756QSeqyyLIonLIFBlgUGWBRFoBIvJA4qN1MikTbLExTjS9/OVcESpsO1G5QayafuL+APZnkV8tY8yHBBw4PuuPJu7/iRua7oUvRiHDHoZbciNrI7A9DG5DaxTRPQydwoXs5NkURkgUTkixQZIFBkgUTkgUML9T6yKQ5K3pXBB5gj1hq1RK4dnzrhYKURSOhol8Ob9abFL28bA/Ofnutw7dVKL9/yfoGjyqWmjJe34Pa1fZWkwGVqiHS5Vgb25kOCB8rSlr1S/f6EObT7lVL2Rpq4ZqjuBurZQp88oB+sKaSpIW36nD9suG0qdTDqiimtaotB8twSrvTzajW+UPrvrO/QQ8XIoy55T/JzazJ4eJyXsz0gx9Gkgp0afdQBVAGVQBtYT7SMaVI+LcrdsyV+K1W+9lHRNPrvLURZgZr6n6ySBCYApeCLENSARngUBqfv84FEdpAojOYFBnMAM56wSfRDg+kw8Q02FTYcj92/GW3Iq4imgeknciNrI7E9JNimL2cWQGSLAZJNgnJFgMkWBhTkWTQ4QdPxkFqRYG/lErXyTY4q22EbSdwGsDuo+Wkba9Ru+CO0XoY2sbkK6odtPMfpC3EOhexXrJtkbUL9n8RJ3DaH2c+EbkNpBw5jchtDsDG4igNKwJPIEw5USo8nzTCoalYYggBMbUo4gIL91HCLv964AJOlifEGfG9QmsuXel24PtdDhlhwqMn35PoVXiaUmVHDgPYBwpZAxNgGIuV8yAPGcMYblwaTTs0VHG/SZlkjwft3Wp4inRCFrmo4pFcyE1MhUOp0JVQxa40OXnPT6djyeNtj34+hza2WNYHKfNdl7uuDQ1QDnPtT4oravAKzVMATMTADKYIDLAsnJAsMkCySsCwtAACCCwW8IJPoYv1MwpGtsbOevrI2obmHaHoI2k7g7XqoMbRuDMOh9b/jFMWg7nSKkPKQ1NeR9biTciKXoL2A6xuG0BQPhG4bSexPSNyJpgacmxQZIsiiCkWCMkmxRGSLFBlixQZYsUGWLFBkixROSLFE6DXpIBzcXxlF0Xvn+315yyjZDkePwhbD4mkVYdjUqtSyMP8AtCoCVFJr3C5wgym9r6Wnh9T6dBQllj3Pe6b1PJKSwz7e/qesxWBFWrTqAVGbD9pUC0sxBzLkuygd61zbzM+exQySjJQV+57c5Ri05uvYmtUupWzi4N7K2YeIFr3+UhYMt/yv7Mv4mOr3r7o8RxNqYxFCgjHLhcNcZz3iapUKSTqTlpkn+qfQdEg3KeSXc8Lrc6hDGv1LQk+iPnB+x0vceUgiwySQczE8ZRSVVS5Ghy2Av0ud5x5tbixuu7+DuwaDLlW5cL5LMDxdahyFSra2DW18iN5bBq8eZ1HuU1GiyYOZdjp010tf5eHnOk42RU+WnTX1glGOhimrVOxw1J8RUvYrQAIU/wA9QkInzMxyaiEOL5OjHpsk+a4PRYf2C4k4u9TC4cdP4ldh5+4o9TOWWsl6I6o6OC7s87xLgmKpuVpY2lVy6EmhkW/Qd8k+c6sUNRNbrSMckcEXXJyH41Ww7injKQVWNhVpElL/AMwOoEPJPG6yL6op4MZK8b+h6FXFtDe+um03Oc+j2mBqFoBBEEBaALJAQBgsgmiQkiyaHCSLJoYJIsmickiyaDJFiiDTk2RQhSTZFClZayKFIkgiATAIgHOxnF0TRe8fDYeZ/SSkVcjg43iDP77adBoB8pdKirdnOqYjpLEGDiLr2ZNRiFBU3W4YOGBQpbXNmta2t7TLKouDUuxpicozTj3Onw/iePw6qa+UORmQ9oKVbszawqLlNMsbA5TYbGfM5tJPBLfhTp/Fo+n0+sw6mOzM47l819f3RbjvbDE1h2eR3zaHtalIUwOeYUBZx/KTrL4dLq9RxKVR/SvzTMtRq9FpVaSlL2u/w2ji1cDSs1XEKlViTUd6qrvbkD7qgAADoJ7+HS4sONQS4R8xqNbmz5XNum/Y28M4FQrIjpRemTlfPQCUETYhQbXq6HXQqddp83qOp5I5G8dRS7L1+p9Zg6ZBY0srcn6v0+hfxfgtTD0nrpW7RaStUZKyqGKqLnLUSwBsDuuvUTfTdcm5KOSPf2OfUdFhtbxt/U5nFsRlw7OuhsNRuMxAv9Z9Bnm445SXseDp4KWWMX7nn8Lh3cfw0uF0vcD8Z8u37n10U+0UV4kMhswKOtmHmNiJpim4yUomeaCnBxkj1q4kCnnY5RlzE6C2l9Z9Raq2fHuPmpGTh+HbF/xaoZcP9ynqjVh8VQixFP8AlFieswSnn4jxH+7OxRhhVy5l7ex9H9jBW/7dIIlJLDuoqqB0VVt++s59Tiw4uI9zow5Mk+Zdj2D4JWBD3e++c3H+33R6TjOg8L7TcE7Bs1MHKx0VRfXoAJ62k1Sqps4c+B3cTzHHuFMcO7VqTKlt6oynYjRT3ufSU1eoxzW2LsnT4pR5fB5/2SqM2DpFt7W16A2E00/ONWc2oVZHR9gkFQgEGARAC0EkhZFklirIsmixUlWy1FgpylkpDhJFk0T2ciyaDJFihTTk2KENOWsrRWyS1kUVsssmVorIlrIMuMxqU/eOvwjf/EslZDdHn8fxRn3OVfhH59ZZIo3ZxsXjgqluQF+p+Q6xKShFyfZEwg5yUY92ZKlchsjIwqXpgUzlLHObKQQctjY63t3T0nMtdheJ5U+EdT0GdZVia8zLKLgi9iCCysGtdWUlWBtpoQZ0YskckFOPZnNlxyxzcJd0aeB0AQOI1QCLsuCptqCRo2JYcxyX/JmUU88/hfv+/wCCck1gh8v9/Zfk0VHLEsxuWJJJ1JJ5mdu1LhHl227YcK4ctdquZ2UU2CKqEDQAEudL7kqBt3TPmuq9SzYc3h4nVd+D6npPS8OXB4uVXfblr8HTwnAaVNi73qEG6mtlOT+kABR52vrvPF1PUdRnVTlx7Lg9vTdO0+nd448+/d/Qp4h7VYakTTVjVqD/AE8OO0YH+YjRfmRKYNFnzPyxNs2qw4Vc5V+TgcQxmIxfdqgUqGl6SnM9TmBVYaBeqi9+ttJ9DoejxxNTyO2eBreseJFwxKl7+pLU+0vRUZywIyi23O99APEz1NTqMWKL8Rnm6XTZcs14a+voUcJomndMydwsHVbG730YEcrT5XK03a7H2WKMoKp8P1KMZhkq1gKj0wVuRcNbJcZQbA97ea4cixtSatFMumy51KOOrr7f9mnhOC+24qhhnt2TFqtQKSc1OnYlToNyVHkTPWnrfGjSVHgLp708rk7Pqq+yVNzneo9jsqZVAXkNifwmkdZkjGo8GcsEZO5HWwi0sOvZ6IvLMdz5nec7lKTuXLNVFJcE1+LUl/1E/wBwihZlHFL3qHRR7t928QOkVyS+EfK/+pntEcURw6g13qG9VhtTpX1zePhNYY3N7UYzmorczHhaC00WmosqAKPIT1oraqR5UpOTtn0+YGlBAoIFBaASBIJLFWVbLFypKNlki1UlWy1FgWVsmhgkiyScsWAyxYIKRYEKSbIorZJZMiiisABc6Abky6ZVo8/xHi2609OrH8v1m8Y+5i2ebxOL101J3J/es0KMym51MkGPiJQBVqMUp1G7Oo4XMQpU2AFjubC9jv8AOcevy5MeFvGk38nd07Djy51Gba/T3OvT4StSlR7SqzPRZKlOsoysyBg1m3uGAF+p102nyC1Dhuilw+6PspadT2yb80fX9/3ExHBmrV6xFTs6bhAQiAszWKkhibA5Qo907Cden6nPT4diV/4OLVdLx583iSddjN7RhMKlMUixdVFOlQBZ86JyANygHxDmdb3tOjpeu1XibV5o+vwcvVenaR4dz8sl2a9fhr/IvDcetZBUXY30NwQQbEEHYggifWwkpxtHxGTG8cnFjUcQ+Heo1OmXFdqDNZhdQrWqCzEbrci3MmeF1Ppc8+TfD25/U+h6T1fHgxeFlvvw/j1DGYmpiGOYFaVwQhtdiOb2JuNrDw1kdO6SsXnzLze3df8ApPVOtPL/AMWnfl9X2b/6OVwBQi1aAAHY1ai6C3da1Rfo4Hynq4uLj7M82b3KMvdG6owL5SbKq5zyza2tfppr8pwdS1OTGlGHr6nqdK0uPK3PJ2XoUVg7rZAtMe8pOpPmB1nNi6XOS3ZJcv6ndLrcMM14Ue30OYrJUph3sCBqb2sees8uSlGTij7CMsWbFHJNLlXyc+ri1AtRGcm2q2y25nMSA3yvNseCUmnLsefquq6fTwccLTl8dvqbuD8WqYWvSxNlRFVwF7UOzoWC1NLaEEISNNGBFxPRSx3SjR8o82SXmlKz7vwn2jp16QekC+w7gut7fF7v1kSjtZKdnlPayrVapnqUyFGigd7Txy3npaOeKC5fJx6iM5Pg80+JCjtWZaKL/qVbL/tB1JmubV40qjyZ48Er5OdxTjlbFL2WGNQU7WNeuWUW/wDbpixb52E4IYZ5Hfb5OieaMOHyV8K4XTw6ZUGras7as7dSZ348cYKkefkyym7ZtmhmfS5zm1hAsIAwEiySxVlWyUi5FlGy6RcqyjZei0LK2SNaQAgBACAEAi0AzY3ELTW7HyA3PlLRTfYiTSPJ8W4kX942HJR+fXznVCKRhKVnEqkt4D9+s1KGcoBLFRDJBnxKto6HK9M50JFxmsR3hcXBDEbjec2rwLPicGdGk1EtPmU0T/6gqrTu2GdyCFLU2plTruMzK3Pa3hefJT0LWXw75/fta/ufaQ1kXh8anX0/zT/sam9pyBZMLWLdCEQX8WLbeV5pHo+pbpqjnn1jSJWpN/Q5+GpOXavWINWra+XZEHu00J5DXXmSTPptFpI6bHtXf1Pl9drJarJufb0RRwM2NVPhrVv7jn/+07MHZr5Z5mr/AJ0/hHVaoBuQNQNep2HnNm0lbOZJt0hq3aLYChVZjY5AoV7HYlXIKjxIAnDm6hp8X80jvw9L1Ob+WJRhfZrFGtUrDs6S1hS0qXdgyggkqhA2I+9ynkZOt4ozbxpu/oe5h6Jk8NRySSr25/0b39j2cfxMU3/xU6aj+8POOfW8kv6UduPo+KP9TOxwf2EpVQwbE4klMmoNHnfl2VuX1nVptdmzxbk6OXVaLFhklFHhPbj2UbD4moi4ascPRCVFrFalQMMoLM9QDJTsxYZQF90HmJdRSdmOTJkaq+EcLC4erVUnD0KlRU0ZkU5Fboz+6D4XmlHPsbF4XhjVqE7hRkZ0XMGO7BWGjC/duDbQnmJphScrZOVqEa9T0GG4UaZzUalegTv2LsgPiV92dfgYpf8ApzLVTXBe9KuRZ8bimHQuq/VVB+slaWHuw9XP4KqHC6KkNkzMNnqk1GHkzkkTaOGEeyMpZpy7s2zQyFqXsbb20v1kSuuO5aNWt3YyqlU3yqpANiWuTfnrPPWmyvmWTk7563DF1HFwfWLTpOMLQCQJBI4EqSi1FlWy6ReizNsui5RKssNIAQAgBACAEAyY7GimLDVunTzloxshujyvEcaSx1zMfp++k6Ixoxk7MH2fm2p6TSyhVUS+ktZBhq6X11DBcttdrkzleoyfxCxqPlrudSwYv4d5HPzX2K2nccZRXB30sATrr87c5zanC8sVHc0vWu7OrSaiOGTltTfpfZfJyFpPUrKmVmZRmYAHQcrW8SPSfPYMEpzbx8V7n2uv1WHBpoxyd5Ku33PSUeF1j9wj+qw/GfRvUY13Z8A0ak4E/NlHqZjLXQXZMUcJOGvT4icIupxhpPTZgVQ1MjBwW1AsKV+pvoIwa2K3Nr6Fp4HmUa9OGenw1cYKmafZj7ZWYUUrMVz0jU0JFN9ggzEFLhgoJ52w1s5eG8rdpfb9/rydvT4R8RYkqb9fX6/9cGztKOHp951RRu1RtSebMzG7MdyTqTPkG5Tlb5Z9lGPFJcGPFe0+Hpr2hLFLgZ1Soy3JsBmUEakgCaLTZX/SzJ5sK7zX3v8AAuD9pFqkFMPi2U/ep4XEsPl3LS38Ll9l90ZS1eBLyyt/o/8AR2sN7aYTC3FaniqWcg/xMNX90ADXKptrc/Oepo4+Hjp9zx9Rm3yts4ftx7fYXFUTg6JrPSqDNXqUqVUE0wQRQplksKlQ2XM1lUFjcmwnXuivUxTt0eG4bwWtjK6nFKlOjSUmjhVJNOil7AZRoTqbk6sbliZz5NSq8pGshLTwV92e9wuDVAAOWgsLAeQnFKdnjyk2aM0zbKilpWxYjAdB6SfFkuzZFlTUU+FfQSVq8y7Tf3YMXEOypoWKDoALi5O202x9Q1TdLI/rT/JpixvJNRTMuBrYkJanUyLckBr6k6kgW0EvPX5L5l+D1MmfSY3sjDdXqfRLT6SzzQtFgmCxYolWSi5BKM0ReglGWRZKkhACAEAIAQDJjMXl7q79en+ZZRshujzWLrliUTU826fObpUZNlaYcKPHmZNkFNUS6KmOsJYgqw1AEWZWY5wtyQAt9NOYO+m087x/D/449k6s65adTk8rfmcW6+Fx9zqD2ZFi/aF1G+QWI/qveby1npRzeE6tclGK4ZRK5VOU3Fz7xIG412vOfLmyTVXX6DDNY5qTSf6mXhyJRxHZKR31a21yu4v5EEfOebFeHkaXZo9bVaj+K0anL+aLr6M7ZeaSmeLYpaZOZBj4jhu1TKGKMpWpTdfep1UOZHHI2I2OhFwd5VZdrstCbg7E4j7TVHoChjKFRHSpRcYjCKatJgrDMci3qIxUtoVIBI1m8skMsHFvuenp9WoTU4tWvcwcC4xgszVVoVGxK5hkrqRUpJmZVapUqaAvkJslwosANyYeTDp43X2OyGHUa+T81/Xj6I6tY4jGPQoV+yp0K9RXKqrM57AiuoDlgNSg1y7X05znj1DxW4pE6jQY8CXmt9n7HoOJcXVR2VDS2mZdh4L+sz3Hl5tSo+XGebeghOZhmO9372vzkb2cLm36nO47WXKlO4GZ1PTRO9+IEhN8s9HpOLfqE/bkngyaNU+M2H9K/wCSZWTrgnq2oWXPS7Lg6BaZtnlClpVsClpDZApaUbApaVFikyLIIkWD2U+5OgIBKwWLFEqyyL0EozRF6TNlkNACAEAIAQDPia9tBv8AhJSDOHinLk00/wDJunh5zVcGbEWkFFh+/OTZBUykyboh8CNhL7n0lXlrsUsanhVExlkZAwRRsB1+cxlMi2MlUg3UkEcxMZTRMZOLtGkYWnW95Mjn7wBysfEcpi8jR0JRy91T/sZKvBjTe5pG4uA6rmsDvYjlM5TbM5YskfK7r4Fq4d13VvOxmLkzKUJL0KGuN/rM3Io7QuaUciCM0ruAvBcCHx1apUHcp4fC77Fmeu1j5AA/+QmOqnWOKXu/8HvdJlPHjlt9aM/tBxHPjcNTpmyr9ofxKimVPyu6+sjSQ2xk38HV1fG8eli5d2/8GgtN9x8uU1kvzhToWcLi3s/25S7kBCTbqDy8NppHOkdWm1k9Pu2eqo2UsGV2bQaWlJZUzlbs1ICOcycyo5aUcgLmlSBSZFgi8gEXgEXgiz2l59ydYXggZTBJakqy6NCTNl0XLKFiYAQAgBAK6r2HjCBy8UxJyL7zak/CvXz6TRFWVrSCLYbfievnJsjsV2vsL+UrKaXcztvsHZ23IH1+gmTyexG33YpZB8R9F/WZSlIeRe/4/wBiGuOSL87n87fSYyl7sjel2QhxTcrD+lVH4CYykR4kvT8IrbFv8bepmLkPEn7srau3xN6mZuZXfL3NeB4u9Put30O4O/yMo5s2xamUOHyjoIMwL0KjEH3qbMbjyN9DKPI/c6Ut3mxy+lmWrUrrqtRiOYcC6no1x9dpXxZe5lJ5l2f3Eq4x8udqdNgDlYOgureNvxjxn60RLJKraT97XYKFegyvVq0VSnRU1HdWIACi50HgJKyQbScfsTi8PJbcKo4VHEuVclSjYio1d1O6iwSlTOpF0ppTU20zBjznLqKeRpdlwv3+p9j0/SLHBSfdmbgvC6mJxFXFpYpQBwia2JbuvWI5WvkXzVp1Y8cvCSXrz/o8frrlmmoQ/p7/AKs6GJwzp76MviRp67TKSlHuj5uWOUf5kZi0puMxO0HUSLJ5MlaoyuvMNofCTdosqcTSTKWZkExYIvIAt4AQQReCCLyAezn3R2EiSBhKgupmVZdGhJRl0XrKMsTACAEAhjaAZazWF9zyHU8pZBmJmC3F7sdWPj+nhJszckjO1T5+f6SrszchHqna/wAuXpM3SIcmVFpjKZUqZphKZFiFphKZAhaYykRYpMzciBS0zcgQNZVsGnD06iMGCuPFQT/zKOSNYRnF2kz0eEqF1uwFxpcAj1B1HltM2z08bclyTiFRQWIFrZT4jkDK2JqKTbPEeztdeI4+mqMfseHFfECmp7tZlqdjTqVfiBqCsVGwFAE3Lae1ptKox3TXL/sRDElGjR7eUOxfssM47bE3YUyL9kpPfrMb6JfYHcmw8MdTpccX4jf09z0sXV3p8Ti1ddv9fJi4XQGHprTplhkHvXszMTdmYjckkk+c4JZG5bj5meWcpubfLOzQ9oaqDvWcdGGtvMfneXjqJLh8msNXkXD5KhxjAV2yOpou2l/dF/Pb1Amn/HPuqOjZhyctUzme03AWoZatJg4O2XQ+mx+UrLC4+toR0k325RlwNYsgLCx5g6TnkqdHBlhslRoJlTMUmARIIC8EEExYFvACAe1n3R2AJIHEqC1JDLIvQyjLovUyjLoeQAgBAK2hA5uMxOtl5aX/ABtLGU5+iMRMhsyEJmUpEFbNOecyCpmnPKZAhaYSkBCZk5FRSZm5AWUbAXlGyLFJkWC7C1XDAIWueSneUZpCUrqNnpcNXKr/ABXGYanUGw8Zm/g9OE2l53yeM/6j+0eXC5EV2FRxTOQHMylWLKoGouoIzbi9+U69FiUsqv8AUzjmWWaiuy5PlPspxDiVTFdvhq7ob0xUqe7RFOnfKhQd1lAJApgWF+W89rNmhjXPc1yZYwXP2PpeFQJmdnNSpVOepVqG7O35KNgo0A2nh5ss8srkeVkyObtlpxAmNGdM5WM4llLAnbUW3l1A2jC6aOX9uDkE7qRrtp4zTZRs47UdRMfmfu1DZbd3dfSVW6JGLNkwLyntcBxDDVqa0aqBCBYNy+Tbr5HSbKeOa2zRt/EY8/GVUyjifs89Pv0/4ib6e8B5c/MekzyaeUeY8owy6SUeY8o4k5TjIvJIIvIBEmgReSCCYB7efcnYEAYQwWIZBZF6GUZdF6mUZZFolSQgEGAc3H4r7i/M/kIM5z9Ec4mQ5GIpMzlIhlTNOecyCpmnNOZAhMwlIixCZk5ECkzJyBF5RsixSZWwReVsERYHSuyiwNr723PzlSyk12Ki0FTJj8KtVcjgMNDZgCLjYy8Mji7RKk4u0ZlwWUZVAAAsAosAPACW8S+WRfNmapwu/NvWT4iLrI0Yq3CGGzn5yVkRos69Uc6vw6r0vNFJGqzRZmOFqfCZNotvj7nQ4RQZbsdOVjKzoxzTT4OsKh6zOkcx1uD+0dWgQPfp80bl/Sfu/hNMeRw/Q6MOolj49D0lbB0MahrUGC1OYOmvSoo2/qH1mksUcquPc6Z4sedbocP99zy2JpvTc06ilWHI/iOo8Zxyg4umedPG4On3KKtSwuJCRUznFHpL7EKAYkxsFD/aJXaKPfz7c6wgEiAWKYJRahlWWTLkMoy6LlMoyyHkAx8RxWQWHvN9B1lW6KZJ0jiFpRyOcgtKORAjNMZTFlTNOacyCsmc8pECEzFyIFlGwQTKNkCkytgJUEXkWCIApMAgmRZFiExZApMgCkwBTJApUdIsCmkJO4ixDQEncTYhw4k7xYhw8neLLMHVek4qU2KsPqOhHMeEssjTtF4TcHaPZUqlLiFLI4yVUF9NwfiXqvUf4M6k45lT7noKUNTGnwzymOwj0XNNxqNujDkR4TknBxdM87JjeOW1mfKOkpbKCGmOkbmRZHZiTuZG49/PtztCAEAcQwOpkElyNKMui9DKMuPUqBVLHYC8o3Stkt0rPN165Zix5/QchORztnJKVuystKuZFilpm5kCM0xlMFZM55SIKyZi5EEXmbZFikyjYIkAiRYIJkAgmRYIkAUmCopMAQmAQTAFJgEQAggDBBEAIBBgC2lkSPQqsjB1JDKbgjrJUmnaJjJxdo9aCmPoW0WrT/tb/wDBt+7Tt4zw+T0vLqcf/wBI8bXplGKMLFSQQeRnE006Z5ck4umVyCoSQf/Z\" data-filename=\"images (3).jfif\" style=\"width: 554.667px; height: 310.613px;\"></p><p>Step 3</p><p><img src=\"data:image/jpeg;base64,/9j/4AAQSkZJRgABAQAAAQABAAD/2wCEAAoHCBYVFRUVFRYYFhgYGhgYHBgYGhgYGBUVGBgaGRgYGBgcIS4lHB4rIRgYJjgmKy8xNTU1GiQ7QD00Py40NTEBDAwMEA8QHhISHzQrJSs0NDQ0NDQ0NDQ0NDQ0NDQ0NDE0NDQ0NDQ0NDQ0NDQ0NDE0NDQ0NDQxNDQ0NDQ0NDQ0NP/AABEIAKgBLAMBIgACEQEDEQH/xAAcAAACAgMBAQAAAAAAAAAAAAAEBQIDAAEGBwj/xABAEAACAQMCBAMFBQYEBQUAAAABAgADBBESIQUxQVEGImETMnGBkRRCobHRB1JiweHwI3KS8RUzU4KyJEOiwsP/xAAZAQADAQEBAAAAAAAAAAAAAAAAAQIDBAX/xAAkEQACAgICAgEFAQAAAAAAAAAAAQIREiEDMRNBUQQiMkJhkf/aAAwDAQACEQMRAD8A6finA9QL0OfMp3/y/pEdFyDhhgjbBHI9jOnsLo7YhdzZU64864b94bH595fD9TqpFT4ado4i4q9AMSoNG3FOA1UOVGtO67kfFecUbjY7TtjKMlaOdpp7LkMvR4MplyGU0NMNQwhGgNN4QjzNotMYUnhtN4rR4QjyGjRMbpUl6VIqR4QlSQ4jTGaPLQ8XpVlq1JDRQaHm9cFFSZ7WTQghnkTKfazYeOgs3vLkG0ihmO8TYmyTtKmaQZ5UakkC4vKjmQ1zTVIAWhpsmD+1kWrRCLGqSs1JSz5msx0Bb7SbzK1k46ES1TYaR0zREALQ0wtKgZEvACTVMGWpUgjtIq8BBTPkw1DtAqKwnVABPSo4GRC6TRdb3eRLDXOduU4rOyrGyVvWRr2tOp76K3rjf6jeLkc88/0lPFuLi2pM5OWOyjllj+nP5TSE3eiJQVbFPHqNCk4RGbVzZc5C9t+cATflvEDXbMxdjkkkk9yeu2RCad1jr/f5flPThJpU2crivQ9RTL0UxXbXZJA5knl1nS3fBKlNBUyCMAsM4K56espzRNUBqTCKbGApU+MJSuBBoaYegMIT1isXctS6kuLKUhwjCWAxXTus8t5Z9qI9JnTKsZB5vXFT8QxBn4pjrGoNich21SaSqfhOcbix7zS8VbvK8bIzR1iVpFqonMjibGWi9J6yHxMpSHbVpU9YCKxczTXOYeMMhh9o9ZL20UFx0M0HPeN8aFkNmqSJcd4rqVSdszEJ7mLxhkNBUHeWc4rppvnJOI7s6YZc9ZMoqIJ2RRJOYbVu8pekwEgZcDJCLy/YzKdycx4hYxdBK3APKUtWHPMsQ56SaCzBSmLRA3l9GW6RCwKkEtxNZktUTA4u2qZxDlq7YnN8NvgQN42SrnE4Lo76sPWsf7M4LxNxj2tUqpyieUEHIY/ebH4fKM/FXGfY09Ckh35EHdF6t/L5zglqddvlsZ1/Tw/ZnPzSr7UNUq9v0MvSvv8A3nHqORida3z/ADnSeDuDG7qb/wDKTGtsHPooI68vXfrOxHPZ2XgPg+vFzUUaQfIDyLD72DyxiXeJuNG4rLbUd8Ng4+8/p3AmvGXiVbamLekQHKgZXBCJjG46HEl4K4OLembm4wrMpYajgImA2rJ91jvF/WKxjxiyoW9suv3wAAwOC7nn8ROeNJwgqaToPJsbbd+0qFy/FLzSuRST5YQHc9iTttH/AIr8QU7ZBbUsasAEDki9j2JlRk467BqxCteW06mSAImS5DbDn2hFvcYYHOMToq1ozuns7LhFEpqY4zy+UY8QqKE8wG4/GJOFXhIGo+vxEZ3CCohXM5ZL7tmqejlrivzi56xJwI34hwxkQtqDfyEQVamnl9Z1QprRjJtdhP2VyMlgD2gruyHBgdW5YnnLhcagBq+s0xfszyQfRuc9YdTqREDg7y+ncROJSkPlf1mM8X0nLDbeFpQbmcfzmbVFp2YWkCx6Qy2ss7kwpLbTzkuSRVMqtbUtglh6g7wl6DH3d5ukcHaFI4HWZSk7GkSoWmgZO5MPoMBA/tS5wSJdqHeYyt9loYB8yis3TGZTSq+sIDiR0MU3FNhuF2kKdBj6fKOG3mivSVloVC5LPeFohkhtItXA5xNtgWIMTbvtKxUzIs0KGTVpLMHWWwEeK2F0QRvHdbja0kLsc45DqT2jrjfhGg2Wtz7J+enmjemPu/KeVcaqP7VkfYoSuAeRHP0M5lw5S30b+ao6MvL56rtUc5J6jkB0HwEq1/7wcN/v+okgfx+h+E7VpUjnbsccDsjcVUpgEg88YzvsD8MkE+mT0nqPGuMLw6iiJrZ9IILguHJyoXWTsRjl2BwIt8D8MFrbVLmoCHIJKOAukIWI8x6evLr2nK0S/E7/AJnRq1aWf3KYOSqsByznl3M1WlRPY+8F8Fe5uDd3DalDag3uh6ueWMdNth1IHQiX+NPEbXFVbG25FgrFdw78tAx90enaT8e8fWgqW1A4cEkj91mB3znOfNn4t6S/wXwdLOi15cYVyhzqYEBC2QQeWW8vXt1zBoLGxq0uE2YBw1Vhy/fqEcweij17Ty654i9R2d2JdiSSfeH6iR8Scfa7rNUbZRlUQk4VM9PU/DsOmYrV/p/e0m6Gh9aX2k5zg+mR+Ecpdq482x7jkfj2nHJW77wy3uSORz6df6zSM6FJWei8ErkvoO408+2Iw+2aCQpJ3+OJxPDuIld0PxHUd8R8/E0ZNanDDYiU45Mm6Q44rVL0shhjG4OMzjn32h1O/DBg3UH6mL1cTXjjiqMpSyLU4cxkK9np9TJpcHoTHthWQhQ6798fnHKTjsSimc0Cw5gw+yt1bnmNr5Qx0oD8cbSq24WynOsSXyJr4KUaYZSswAMCFJR+s2jFQM7+ssNT0nO5M1SB6iFeR3liXBxg85AuScDJz0AzCRwuq3PC/E/yEhy+SkitqmII9yQY0Tgr9ai/Q/rIVuAPg4ZW9DkQjKINMS3NVm3zv6byHDKlVzjWQOUc8P4dhiHGMfj8ITcWaaxgfSW+WPROL7CLGmFG/M9YYhg1ESzXgznbs0QXrxIg6pSHkkeSMounKjvF1S7JO2+PrGN/kjaJFpHUWxjPOawSa2Qw+jcE9YcCIrFEZyYRTQDqT8YmkCYYry0NBkqrN+3ElooTGsTOX474Op19dRPJUbf+Bm/iHTPcToVEKXlAR4ZfWb0XKVFKsOYPUdx3Ef8AgThH2i4DMPJTw5znSWz5VyOR6/Keicb4BTuU0uNx7rj3l+HcekUcI4eeHUKxfDbswcbalA8oP6GXF7EwH9ofiBifsdLOcqXxp3yDhBt/lOxBjXg1rT4XavWqspqMvVcEMVyEBxkjIH4bCcd4MtTc3hqvuEJqN0BY+6DjkP0hXj3iT3NylvTywTyhRgkueeMc8TS9WII8G8N+3XFS5rDUqvlgcMGJGwyd8jvj6GQ/aB4k9vUNGm4NJCQSuoajtsc4BwR0yNl32j3id3/w6wSmjf4jjSGCqPMfeDr8Nvl855YX6n6wk60NE9Wf75S1D2g6N1lgaQmMIDf2Nvw6yat239esoH95mZI9I7AY290QRvy69fn3ji2vA3PZu/Q/ETmA/wDv1hFCvpx/Z+k0jOiWjsaKK/oT0zsfgYStnOZtr3ljffl0/pH1nxHPXHx5j49x6zoU2zNxQwo2BPaMaFqVG/4bSuyQnfIOe0aUqGRqbkJjOTHGJUiE9PqZIpjoCYSijGxEnTok7zFyLo1Qoaxv5f5wqhwkufeIQcz1J9Jdwu21NvyHP9I3vK60kZ22VFJPwHaZybvRQovbq2tAC5Clv+5mxFR8aW2fv/6R+s8+4/xh7iqzseZ2HRV6AQGk8eK9kZM9l4RxWnc6vZlvJjOoY97OP/ExqiTz/wDZrcf41RP3qer/AEMB/wDcz0jEhqmXF2gGrw9WyVJUn5rn/L+kW1VekfONvqD8D/KdCgknQMMMAR2O8kYltmVhqUggzb0gcxjXslCkooU8yAMZ/rFYqQGRFD1k1TErNUiDXl8EGSZSTYrCrltooavjUCOfKVPxQuPKDg7Z5RPcXTg+abw437IlJBFS9ce6MyAvqh6GDJdD1klqZOwm+KXozsNS6fGTyln/ABFpWj52h1PhxIzp57zOWK7Q9+gVGhCPAg0uQznNQ1ah6S16aurI6hlYYIO4I7EQWnUxLnryRiihwNLUVWtgfNltBPIgbBT29Jx3gnh7td1KlZSrJkkMCDrc8/z3E9CNSU1LcPnI3xzGx+sqMmuxNHmPjnint7lsHKp5Byztz3wMzmyen1nbcX8B1AS9B/aAnOltn+vIxDc+FrpN2oMfVcMPwg5WFCkTeZt7Z195XX4gysZgBarSav8A3/SUBpIGOwLydh677dPiJsH+/wCkoBkg0pMAtKuOvzHOH295359CP59onDGWpU+f5/pLjOiWjtuGcU089x8dj+n5TruHXwKHVgDoM5nk1vcFfdPxH6iP+F8VA8pOPQ7D5N/IzVqMkLro9LpOj4weX4QlHXvmczaXyaNK5VyOvX4QGvxF6SOSTkKTz9NplLie/wCBnR6ZYgBRjrvKOOcNFzRekXZNWCGXfBG41D7y55jaJ/Ad29Szpu5yfMAf4VJUZ+hnSBsznRXZ4PxrhdW2qmlXXSTkow3SovdG6+o5jrLeB8Hr3L6KKFsbMx2RP8z8h8OfpPZOP0LZ6Li7CeyHmJc6dBHJlYbq3w3inhPFjXTRYURSpIcCrUTQhH71OkpDP8WK995WQqLPC3g9bVvavUL1NJXy+VFB5gDm3LmfoJ1JEC4faMgYvVeqzYyX0gDGdkRQFUb9s8skwzMhjRvMoub9KY1O6oP4iBn4Dr8pyn7ReMVralTai+gs5ViACcacjBPLrPKG4o7uS7s5PViSfqd40gbPoe1ukqIrowZWGQR1iriVPS+eQO/6zi/2feIND/ZnPlfdPR+o+c7PxJUC01Yj7wH1iSuVDvVgT3CKNzA7isrLlQDI21RXzjkNpTdGmDj2mD2E2jGnRLeik0zjcASFS2DDfn3lD3YBwpLTXt3bkJslIi0RayA5k/SYlt2MKtrR3IHMmdLYcHVAC4y34CKXJj7Go2JeE2OXJbcDf5zoTXTsJY1uighBgxa9M53G855SydlpUc0DL6ZgtM7wtakGNEnXrIO5xJmpkQDiLkKMd9/hHBW6CTpF1CsWJ9Nowt6gialcKBzExb9V8w+k0lBvpEqaR0iHMouagCsDFVtxrf3fpJm8D5O4HeSuKSewyT6OdvFAY4zj1i6vw2i/vKAe4GD9RHF9VRicQEp6zuSUo00c7bT0c/d+GnG9Ngw7HY/WJLi3dDh0Kn1H5Gd0GI6yTuGGHVXHqJlP6ZP8So83yefiS1TqLvgFJ90JQ9juv9Iju+E1KfNdS/vLuP1E55cco9o2jOMugPVmS1SEzP8Af9ZFlFwf++vyMuSueu4/H+sDzLFOJakA5suJOmwOV6qf0+6fUTo6fEUqoUqA+YY3yGx3Vh72JxNL6fmPhLDdEnSPT8O80U9UyXGz2Hwrxu3pUUoZYBAfMd+bE+YDcc+eMTqql6iI1VmGhVLl85AUDJOZ4Wl0ygZYHrn935j8xjEZWvHG0PSYko+zIcNq75BGG5dgduvOKXFF/joLZ3FhaNfsl1cg6D56Fufcpp92o68ndhvvsAR8s4j4kUs1ChWS3pUji4ujpwh/6NANkPVPU4IXsTgRJxHiVa6oJRt6q0H90qocLWXAGEqDJp4GSVP+rEt8N8CtLbSXQVKinymplSDn7lJwBnYHI1H16TnlrsDs/DFy702dmqMjuzUfagCoKGlQuvlzYMwzvpZcxyakUW/EqZ++uexYZ+kLp3Ib3fN8N/xkrZRxn7WKv/pqQ6+1/wDzfP8AKeSJU82Z7p4u8NLe0lRqppujF1KgMuSMYdeo+BE8j434PurYlmT2iD/3KWXXH8S+8v0x6wA1wjW9xRSns5dNJHQg5z8gCZ7N4pc/Z8A5IZek4n9mXBCgN3UGCwK0weYU+8/z5D5zq/ECPVQIgJJYZ9AJUPyQn0IrS/0ZDDnzxKbu4V9lBBPWUNZ1EOGyD6xhZ2Y5sZ2vGP3GSyegJLcgZyc/hGfD0dmCgQlbfoI24baqm5zq/KZT5dFRjsItLY0wSQM94St105zHORgydFAoxj5zlbvs1o1Tck5lxPpIggdJLUO8TGedU3l+qSWwMi6FdjNCS5WGN4BcozBh9DD6dLVzGR+csqWvlwu2JcZKLFJWc0lBi2kbnOPnHY8M1gARpbPQHlmH8OtlXJZct37R7aPjlLnzv9SY8a9iay8IqFy7sHP7vIfrCbLgSJqFTU+GOM7Bl6ZHWPCDjIMgWJMwfLJ9stQijlPEnBFX/EpooXHmUd/Sciw37T156YZSCNjOO43wFFGU23z3z6CdPDz/AKyMuTj9o5VFHUgSRpp+/wDhDH4b2zNpwSqxAVGOfTA+pnT5I/Jjg/gXsi9Dn8JipGdz4droAWTOf3fNj44i6pbMhIYEEdO0alF9MTi12gS74IlTdlwf3l2P9YgvfDtRMlPOPTZvp1nWU3I9YZQXUdtplPji9suEmjy/SRsRjHP+om0HX+zPQeM8ASrqOkB8bMNt+mrvPP7mmyEowIIOCCOs5pRxN1KyL1CdhLVqhPj8d5GhTLEIo3PM9o8teH005qCe7b7yb+Btia3uDnJ6/wB/WEruQoy2eQXc8+ijn8J1FFbZBg0kc4GdSA/DYKTj4xvZ8RZdqSUkXH3Vxj5DBjUqFZvwxwd6QNat5GIwqnGpAfvEHbURt8NupnQW105D+0wyk+VtBwV6huYJHcd/SK0qLVwKrFOef8OqAfhs2fw+cKRkAwlxuBnCEM6AZ5rkEnltjr1kSd9iC14ejDGhFT0pgA99sSlOA26nKKUJ60yUJ+aEGJuI3LqSDdDbo1LBOB3D99osfj7qcDLEbZTJVh0K7Z+sQHfUA6DAqOw7P5//AJN5vxmVuI6AxyuVGTk4HLODj5fUTzhvE1XOPMD2OdpXccYJXTnb7xz7xG/z7/OJj2em294jBc+Ulc6cEEegEY2LjGc8/wAp5LZ+ImG7HO2AD0HpGtv4n0FQXwoB366j0PcSWNM9HvLRamM9N5W9ihGAozFHhjxKlyGQ4DqM7cnXuJ0IMFJl0mDW1jo3Jz/KX1KYbB5EdZKpUwIOtXJjyb2FEGYq25liV8nEyhblmJMk1EpqPLtARuo82j7SgVMzWTEAu1jEx7dGxneABtJxnIlqEnfpHTGHUNK4UAbRgiAxDr32MvF+wGJLGN/YL2mNTxyiynxE9YbSugYAWpXxyMktTrB3UcxKncxgNUrHYGZcIh5gH4xWlzN+1JPOABi0E6KNoQlbBx0gtFpY4isAlqwnM8VsFdywHPn8Y6U7we6XO8qMnF6Jkr7OdfhOOkrSzwZ0E22Jr5peyMEIK4C7kRTxDhz3NN0ogBiBgty2IOM+uJ2Hs1PvAYMISmlP3QBmHl1QY7PF63B69ky+3RRrJwwIYbcxnoZf7cZ5jvPSfGXDftVs6qPOnnTHMleYHxGZ4/TraDpPPO5PMY6ekzUhtDyncFeWB64BP9IzpXTke+3+o/rEauCMgy2ldY6zRNENHSW3EtK4LuCP4zvIX1/kbsGHZ1Dj6nlEtlw6vcvptkZz1YbIv+ZzsPhnMc1vDVvQH/r79EP/AEqPncHtqOf/ABkSkikhJW4iu6sibciuR+Ria9u8nGAB8Tv9TO/WxsKae1pWNS4GlmV69XSHK58oQE4bIxgoN4Ta8YuyMW1hQtl6M+lD/pVdX1mblXY1R53Z2dxUGEo1XB2GhHbTnc6SBgA/SOLbwTevu6pboOtaoq7d8Lk/XE6pOI373KUXuEIC+0qCmhCqucIpdz7zH0GwJia+sLjiQZ9arQDt7JcFi+gldbb8iQevXl1keT/CqBf+A2NHe54gHI5pQXPy1b/lGVvxGzp0mq21kKypzes2p/8ANpOdto1vOEL9m9iLZ3wEQPUrEEvz1sijGkEchg46SPD7GpbJ9nVwlHTuyhNVd3HmJyDhRnGDvJfJEeLLfDvH3rGm4tkSm5ZQ6IfIQM41Acjjf4TrWusCc/wy2p00RNT6UGANbAY+A2MMuLpDy2miT9gGPdZ2krd94k+0bw+1uh1l9CHaVPWZWqZG5lVO5SDV3OdgcSRliDMnpMopgiEwYhE1rg9xIMpA2hD3IxBlrLncx2yiGk9pB6bGGJWU5AxmDvTboIWAKUaX0azCV1HbtygZr4joVj5bpiJBrj1iZbsjrMa6zCgsbfaMwmjUiJK0Kp3MKAf0a2IYraogo1sxzbPsZLGScYgzVM7TdzWHzgyGCAI5byLETGpkjMpOSCBzjQiupVA5QjUGGewgVWgVXAwc8zNUmO+nOJTr0JBqViJ5z+0Tw9ob7VTHlc+cD7rn73wM7pbjO3WZc6XRkcBlYYI9JDQzw9KpHIzq+F8Fp0qa3N+zBW3S3X36vYt1Cy+n4SNG7R3Gu3BL5G5GASFYfGKK3Ga9S5euoGoEqodQ2heShEPbaLJ9Ik6K28Q3N1US2pUWo0G2SlSympRz1uMbY54I+cO414GpU6VR6talQXyutNWDMHAKsdbbn3s43zjnOVXj98qjGvUamPaafMCdgi7YAM67hHhB1ZLi7dGUebQ/mGSPvA7ZB+PKJylXpDSQXwPj1ha21ICm1w4zqYqX864BYFhgDYYwNvxgB8Z021mnQqlvMQilGxuSBs2rH/bOuuQq4AxpI6bAfARVf8Po1dJdA2n3X3V1P8LrgiJ8eXbsbORrcUFvQqgtqu7jLVCu4olxhFZumlcALzzOg4bxahQp0USohCKFXBByUXfPx35zSeHqdI1npIjtUTBSoMqM51FegJBiQeBKbjSjurgAklCEDZ3UE+9tJcPQIdVvE6OjP5nqFggCI2lFY4DDOxHPzdcRvacKyqszZO5wDkZP3mbq34CXcKslpoEKKMKEJJ1u6ry1Hl1Ow7xiCoGBsO0I8aTsdi2pagbQapbDvGdcdzA2XfabpkgVO1JPOXm1wNiYQoxLqbZ2IgAArOOQMNp3jgciYbRpjrLVTOwGImxgtG6LHcGF+0mkt8+kmLf1iAQ0qRMj9lQ9ZuZGMg1qBjn8par46k/IzJkQEVqDrsJW3D6bbhpkyAEhwqmRzgVzw0D3WmTIKTBoFa1df95tVcdJkyMkIpVWB5GOLO7xzyJkyJjLq1QN1mKZkyAwlFbTKa40DnMmRLsGB1KuZS13p2A+c3MlEgT3BBOBLKdcvsFIMyZGwGBUkD7rQW24Uq1jcBEarpKqWHlyepA6zUyZlBy2dRv+e6MOelE04bvnMj9lphiSDUO2NZ1BcctI5CZMiSQ2SeqDuYNVuhn0mTJqiGbS6UwxH22m5kUgRU9NjvnEGa4x1mTIDZW11kzS3GDMmShBNN9Rh1FPSZMksEXIO+3pLUqgHaZMiGXl5T7SZMkgf//Z\" data-filename=\"images.jfif\" style=\"width: 556.667px; height: 311.733px;\"></p><p>Thanks you this for How to play football!!!</p>', NULL, NULL);
INSERT INTO `answers` VALUES (41, 15, 5, '2023-11-02 07:54:57', '2023-11-02 07:54:57', '<p>ហងថដ</p>', NULL, NULL);
INSERT INTO `answers` VALUES (42, 15, 5, '2023-11-03 02:20:48', '2023-11-03 02:20:48', '<p>យេស</p>', NULL, NULL);
INSERT INTO `answers` VALUES (43, 12, 5, '2023-11-03 02:41:37', '2023-11-03 02:41:37', '<p><span style=\"font-family: Ubuntu, Helvetica, Arial, FreeSans, sans-serif;\">I just notice that several of the plugins are locked and will not let me disabale them I cant un check them any ideal what can cause that ?</span></p><p><img src=\"data:image/png;base64,iVBORw0KGgoAAAANSUhEUgAAAugAAAI4CAYAAAA4ZBy/AAAAAXNSR0IArs4c6QAAAARnQU1BAACxjwv8YQUAAAAJcEhZcwAAEnQAABJ0Ad5mH3gAAIZOSURBVHhe7b3fr3TZVZ57/Aecu9z7jlyiBBmU21wES0hIUaxYIAiWIhwTGSPFwnZ8gWMcNTdth8gy7fzCLdKBjgF188vYoYndAbtlfLDdJzR2H4zd2MiNjdXtOFLgArEPb5n34/1Gj7nWrNpVtdfe9WzpUa0155hjjDnmrLXeWl99e/9fV5M/f/EXf3H153/+51d/9md/dvV//s//AQAAAACAE7Aq0P/yL/9yJ8y7wQAAAAAAcFwWBbrEOU/MAQAAAADOx6JA58k5AAAAAMB5GQp0fee8GwAAAAAAAKdjKNB5eg4AAAAAcH6GAp3vngMAAAAAnJ+hQO+MAQAAAADgtCDQAQAAAAA2BAIdAAAAAGBDINABAAAAADYEAh0AAAAAYEMg0AEAAAAANgQCHQAAAABgQyDQAQAAAAA2BAIdAAAAAGBDINABAAAAADYEAh0AAAAAYEMg0AEAAAAANgQCHQAAAABgQ5xUoH/t69+4evU7P3D1sle9e4eO1dbZnoua08tf976rT33uy/fZvPHhJ3d9H/rk5+9rv81ojprrFtYAAAAAAMacTKB/6SsvXH37mx+9eu8HP32vTcdVIM4I5mMi8b0mUm+TQHed13JFoAMAAADcDk4m0CVyRbZZjFtMWjSmnWwefPwTJxGRs2L2NnEX5wQAAABwyZxEoEt4v/Idj+/EY+2TGPdTdR2f84kuAh0AAAAAts5JBLoEuJ+K69VfX7E41+ussPRTd/sQ+bUZ+3nsqWfvs3N8Ifscn4zsRl+18VP/9CHsR/OpY9WmHP2BJeeeMTOXtHN/+h3lIfJDT/VRYxjlkj4yX6E85Vd1ts2oRgAAAABwOCcR6BKBEnwWps9+6as7cSeRJ9QvYfeKNz26KPAszlNUWpjKj85TgCpe2vjcpDDO9sooN4937C4/+a7C1XWw4M2cPbbmLN/q8xih8/Qj7GttTkLjM1fT5Vxjac7KN8W/bPIcAAAAAK7P0QW6xNprH3piJ/Yk4CTsJPL0lRe16VzoeE2gd8JRaLyFoQWq2tw/Eq2zYnaUW9eeuei8y1ltKXadR4pljZefnEel+hGzcxKKlzGF49b26ld51dh17gAAAABwfY4u0CXgJMZ/+5kv7sSbBJ7Eqr+TbtGutnxi3NEJUpFiUeg4ha3bqu9Re6UT4qLG6sStfM8K9My5Q/3+OolJP2J2TmJJoNdcao56rbHVhkAHAAAAOC5nEegWd5/+w28KdYnX0ZPbpApbk8KwCknhtipaR+2VNYGegrnmL9/HEOgzfsTsnMQhAt1+vYYZO9fBbQAAAABwPU76FRcJOIlYnUvI6TiFoMRfFbka71+zaJGY/fKbT95tk35HonXUXlGMTqDPCNKan+eY4rbLuaJxKdA9Jv0I5aKcqvDu6AS6UB71w4Dscq6yqbFn6gEAAAAA+3HS/yTa9VUsaCViRRWKFqbuF+m7E7tuqzmM2oWFbsYx9j2y6YRr9imev+Kj/i7nSo2lujzykWfu82NqDVM0K7bbk6WcRRXe6u/GVDsAAAAAuB4nEegSbjNPdG8b9amysJC+i/MFAAAAgPNzEoHePSHWU149AU6720Yn0P30OucKAAAAAHAoJxHowiLdX5moX125jdQ5me4rMwAAAAAAh3AygQ4AAAAAAPuDQAcAAAAA2BAIdAAAAACADYFABwAAAADYEAh0AAAAAIANgUAHAAAAANgQCHQAAAAAgA1xNoH+wosvXv3Eu95z9divfLDtFzM25+T5P/nK1Zvf9hNXT/3O77b9dwXP87U/8pYdD/2n/3yQzbHRPlCsQ/aD893KXtoqn3n2D67e8Oa37d53ev91NltB70PvP9G9L2ds4HjUetfrwm3aX/uged6G/aX8VH+tQ9d/CVznPnJMnIcYrcmMDVwOZxPoulBIMEk4df2i2ozG6OJ4jgu+Rd6+F+FzftA4NMcRqu2a+J6xOQZrF9alPeW6nGMNxNY+XM5yGwXUzJ4/9vsCXor3zlKNb9v+0vt3Jldd/3Rt2vr+Un7HEnpbe08pj9H1P1m7j5wbrcWbfuyBxTWZsYG7z9kEui5oa2+QajN6A8ruHBf8Qy9I5xRrx75oqrai6zMzNudg6QLtupzronzONb90Zvb8sd8X8FK012+L8J7lrs1J+//SBfrWQKDDLGcR6IduyNEbEIH+Nxz7oolAPwwE+vmY2fPHfl/AS0Ggbx/tfwT6tjhUD8HlcRaBrovemqDrbEZvQNnVi6ja/N2t7p+z1C+04XXBks3Id/oRsxckX8DqeFFjZR5i34toHZ/U2lTbpRuQ69T1mRmbjtE+UC7KyWumeud8av1ll/2JfXgtfu4Xfmnn2/01vmN3PtJP16a89lnzGTp/Gbuz6eKsrXn10a2L4mrch3/rY/fsun1a18vUvNeQfY4f7THnvvS+nLEZoTy6eSqfrPV19049z/mP5r5GrWFd97pWOR+PX1pz55s+ZuxG81F7+hD24/rmWLdlTZ3zF5774r2Y3frV2qTfLg+Teyh9dDHE7L5QjdNuVKProNwVS6/K17FyTu7LuXicclV7jk2Uf+6vGeQ7fTiO+72eoz1Y1zHJOtc4Oeekrn2uwz5rVf1kLonmcYhA976qNXeOp9g/cLOcXKB784zeHGJkU99gSW5SvRFyrMdlm988vhh4s+em1nH6ncm9w76X3qC64KRf2daL5AxrOXax6jwT9WVNOmZsOpRDF3c0h7W5qd3rWfs8NvdBveh1e8D18trZT65ll9fams8w46PLR8dZh2OtufzW91r1U2N1+c2g8TmmrkPS1b8yYzOim0P157W67t7xuepsX936zaDxGqfxXb/81X6NUXzloXPlurbmRrZde0XjPbdE4zN2za+rsduyps45x9ac5TvHuMbZJnQ+MyeN70RWl3ONlWvuNbbNvmu+hvzV2iiPpbq7LW2E875Ojl0s1SpjKT/lnG11PUWXY8dS3tWvbb1+Pl9bK+Wc5zrOMYnGHyLQhfzNrBXcDU4u0Gc2z8hm1N69WRO/qTTebfUiIPJi3L0hOj8z+CLtC3Kly39tzIi1HBXLFxszevOLzr4yY9OR65k56PxtD7zrJfmszS391T6PzXpWf3qtFzuR+2LGjzh0/RL7qHsjydzcVvPp1ifrne1itJ6KJb/yn20Zv1uDkb99WKpnV//KjM0S3Tzr+TH2js+zXktzH6E8qmhI7LOuS81HMXWudtvUWqy1V0b7obbXXLqcu9roeF/R0vkRs3MavZ8U91jXlGPQ5VNjdTZqq/W7bo7deorqV3Wpsbt6dzl2jPKWr+49k349dt+1WrLp5lIZ2XT7VvXMc7g7nFSgjy6CyZJNvlGyXRvSFzud+42mT6xJvjnqmEoXa+aN2LE2b+VSL1IeU9vXWMtR/mpdRHcTsf1aDjM2HXnRUW1+7IF37l51LoFe13ltbt2aGY/NNaj+RuM1xu0zfsTams9iP16numflP9cxcT7HWvOsQ7ZlTvKXN7muXjN4XM2589PVvzJjs0SO79ZW7eqXXY7LmtlHjqt5dTaHkO+trn+0P2v8zN82aqv7cKm9Mru/VJPco845x3bz6HKueJ5r+2t2TqN6H2tfHItaU1HjdzbdPK6bY7d2ouaTtbKNcsvrjOhy7BjlvbSGrkfNTXT+nF/dXzWmbZfeq2LJJuc94wtuLycV6DObZ8kmN2K264Lti+jsGyjHuC3p8uj8zDC6EJnuhrU2ZsRajl2sJWbs9/VplKuE+Kee/r3deOX8b37qP977fl9dm7W5qV39sqt9Hru0L0bjNWbf/XXo+i1hn1mbzK3am33XZ2SvWLU+Nb7eL/XGtG8NPM/MwW2dr67+lRmbNVwXzbF+gDzW3ulsDqG7fiWjetZ81F/nlXNy21J7ZWl/5b6pItE5r+2LLudk1o+YndOo3sfaF8dC/mpda6zOppvHdXMc1bz6VX+N3dW7y7FjlHfnU6Rfj11aqxmbZBQ3WbJJ34rZvbfgbnBSgT66MCdLNvlGyXbZL13s1K8Lfr45cozbkurH59XPLEvx5K/6Vdxurmv4ordUw33mID8jX2bGpsO56j9uvu+R9+/a9Krzzp/XYJS7Ll66sXT93b6o/nyesavPWl+P6Woqm6U9dgjKP306v5xXRXkdY827PVnzGY3dh1pjoTiaQzfPuo4dMzZr+CYpah7H2jtu6+a5D44lX/LZ2ShGFWLKLddTNtWH2tJmrb2iGFkn4XmvrU/m5znWfdHlnHhc5qAx3f5SPrVGHd4b1c7zylh1X9gmY4/q4bEzde7o5pM11XnNT6+qTa1pV8d90ZzX8qnrOYpb8x4xqq39Zuy6NvU82+yvs1Gu+T5PlPd1BLpQLF+bRjZqv87egZvnZAJ99KZI1mzUrn7ZZXv3htabwfg3d6TfOqbDG1o+9KonvdXPLJ6bc6rzkE/3df37kHmLOs8aq9p0/SJzmrGZQeugXH1Rsd/u4lZRu21MXXv7cf3Tr9sUs7alj+wXtb5+4l/tqq99a9Pl0vmo+XR23Xrtu+aqXfWrtvTT5SzqHlyj5qO1Frl+M/tixmYfNK5bA9HNfd+9Yx85z+tQ51/XQXHW+tfWfK1dzOyvkU3WotZYfZpj2ui45lyZ2V+m1tBrpXlqvtlnlnIW9pH93Zi0y/bqY5buWqH5VTvl4n7n0X3tsPobrf8SGavzUftF1iqptmlX19Hk/Ls1TR+za1XzqBpkZu/M7i/hHLq1NNfdO3DznEyga0PVN15lxgYAtolvKPUm0d3Ubiua29JNEA7DQq8KB52rXf3ZfsnofXRJNdF8df3QdaTrh/5DQsel7Z27xkkEum/cSzfoGRsA2C4jga6bxl14aoNQOB0jga69RM3/BguxS3qQxftumdF1t3KJe+eucdLvoAPA3cZCK/859rY/sdGNT/NAJJwWCbHcNwIx8Td4H64JsbsGAr3HgntmT1zq3rlrINABAAAAADYEAh0AAAAAYEMg0AEAAAAANgQCHQAAAABgQyDQAQAAAAA2BAIdAAAAAGBDINABAAAAADYEAh0AAAAAYEOcTaD7r18t/eXQGZsZ/Av9l/6S4YzNTaK81v7gS/7hgpv+owSzf90MtoX/0NBW/kCM/3jNda8BdxG/34WOOxs4Lbq+zV7jZKe9fNv/oi4A3AxnE+i6SK3dWGZsZvCNbOnCOGNT8RgLYnMKcaO89vmLjPvcOJKlmkskzc5tRqBbDKaNxx1j3e8Crsc5PqQKBPrtwWs6eq8ca++ck6XrzxbZ5zorO+3lfe4xAADmbAJdF6u1G8eMzQwz4mRWwCQec44boPI6h0CX/zf92ANtHM1z1uesQP+xB9559bYH3nXvhty1XTLnFuhwd0Cgn55Dr7MAAPtyFoG+JALNjM0sM+LkEAHjMQj0lzIr0P/NT/3HHa67YvzcL/wSAv2vQaDDoSDQT8+h11kAgH05i0CfEXpLNmrPr5R0N6BqI6o4mbFZYkag+4ajVwnsURz7cn8V47N+jOY2qp/8pg/dxHUzV5/ykDiWjW/wjiF/OdclPykOss5pI786//BvfWxno3a9qt0fEnSscXWe8ltv5LWG3bgZMl+Rc3YM5azcbaMxtlHMmbWq9dOx2tTXzcWszTv91BhJrkX1kfNJNIf0UXNRrbymtsl8Zqlxau1m9tc+LK2FWdoXI5sun2pT57aG5z6Ksc/e6fbHvvnMrvnS3pGP7Eu6Oo/wfqjtuV/cVtehjtO5yBrV+tnG555HrknOrauL12vpmiK6tersAOBucnKB7ovR0k1gyUYXu2z3RT/bdMHKC2Tnb8ZmDY9ZumA6P9nJXm2aQ54rB43xudB52thPXuCrn0TjMw/ji/yoFvIln+q3rf3oVTFn/AjfbDzevu1DY2Xzhee+uHvV+fseef/OtwW6/diHcJv9iJrrochnzknHmoPbPIdsq7XwmFybulZd/WSjNvW5rZtron7N2X6FzjOWcN4Zb4TGd3XU2JpfjaU8NXflrNxsk+f7MMrbdVEs18a2o1qN8HotjVNf5uAx2SabtXnWWnT7YB+WYrpGo3ntsyeWkP+1NVeMtb1ju9q2Dxrf1aPOtebnfrV7jI41L+fjelYb4b6l3DX37l8nHTv3U90XtvFadrkAwN3m5AJ95gI8Y2N84coLW70IHmIzg8eMboBC/uqNaWZ+1abzs5Szbxwz7VmP9CkkmHUjULvGea5rfkY3EI1Xu/rl38ey03fP1aZYfoqvMWrLWmQc+9V4+3LbMag19nmuebXR69qad/m6Zum7a1ujxhI1xyWUW10351Hbq1/lWWPnmrttllHeXT6H1Go0rzW6vBS3rnvS7VvR1XuWpdqu1cNzODS2kf+lNR/VuKuhjquvfcjxWW+d+5oiUvx2Y3WufJfmZRsJa7FWx8wn2+VfcXKd3OYcu7E1FwC425xUoK/dMMSajS+uvigaX8jqRVbUi92MzQweszQf+VsTa0I+6pzSpvOzFF83i+6GkTeUxL6z/hLnn3r693bn/udX12fWT81Bfj0vHctGtlkTz8ux6jy7uXVth7C2v7qa13z1urbmXb5dzdbeD0J9Nd+MJWqOSyzlVvOo9dBrja02r7PbZhnlfWitKrNj1vaFkR/31T0w8iFqvWdZqu3M3Fzf6+Qh/0trPsqj7h1R3yf7ohpbyMqvPvTrVef+fy1pk2MVO9dMtRjV1shG/4dGdmt5j+J2dXCb91e1cU0P3TcAcPs4qUAfXaCSJZuZC1k3/hCbGbp8KvWi7zaN0/jr2CzlrAt3d/EetRtf+PPJuean/7ipc8ea9VNt5Evt6s/jtOnmZVt9Haab81o+MzhurmfNZcZGr2vr2eXrmqXvri2ZiSVqjkvM5iaqX/XX2Grr1nmGUd7OJ/Ncq1XHzBjnkDYz9ZR9ro1e165/+7JU233r4TnVtV9D/pfWfJRHV0MdV1/7oHES4nqwoHnInwS0HzAol9E61NgaP6qtkY3wHJfsR3Fdh6xPrY3Pj/GhDgBuJycV6L6YdX1myaa7kMlWF6t6IbNNXtj2sZmhy6cif/uKb/tdshGa++iGMKqj/KzN0zX1eN9Y9DTK8df8+IaVOWis5uAxqluXo+efvtWmG68/KNQ5O5+ltVjDcdOHa+FcOpuar15n1rzWTz7TxiiH0TrXWM6l+unWY4RsOjvlt7YHuzmobZT/Gp5P1kl083Fbrs0Msl/ay84h/Sru0hihOqUgc36H1qJjrbZ1fdaQfdZ0BuWwtuY6n7l+qT+vEfsiX/Kp64QeMqhNrzr3vGyTsUdrXPOrZL3sYzSm7gfTxXab61DrCQCXx8kEer3gdMzY6EKlG6OpT3aFL/Lq16u/prGvzRrON/MReSGVP/nPi7LaNE7jdS5bjfF42f/6b3z43j/JyibzNb4xpN/sNxlrZJc5y6/aXAvn181jxo+p4/Pmloz2Qc2r0tVoZDtibX85t6WbqV67Wq2tQ+039t/ZzewdU+uTa1VzMTWnWp/04f5uTLVbo+4d4/3ieef+cVuuzSx1/nX96ry7606Xc/YL57hmt0S3z0XNWSztnc7PvuskZte81nAUq9rpvNosoXXIWnht00+3DjWO/KzVQza5B11T16OLU+N5jTK+27wvRn5q3QHg7nIyga6Lz9rFbsYGAADgkug+LFi05wcEALi7nESg+0JSn1AkMzYAAACXRifQ/bSeeybAZXDS76ADAADAfvgrL/UrLvt8NQoAbjcIdAAAAACADYFABwAAAADYEAh0AAAAAIANgUAHAAAAANgQCHQAAAAAgA2BQAcAAAAA2BAIdAAAAACADXFSgf61r3/j6tXv/MDVy1717h06Vltne0q+9JUXrr79zY9evfeDn277jfqd68tf976rT33uy63dOfjQJz9/4zkAAAAAwPk5mUDvRLGOU6SnIE4kTj3mGMwKdCNR/Io3Pbq3OF4apzkpB+VS+zrWBLo//FSfrumxawgAAAAA5+FkAv2NDz+5I9ssKi0eJSb3Ea2Hci6B7jidOFbbPv+CMCPQX/vQE7s8Ha9rAwAAAIDbxUkEukTlK9/xeCu8JdotlBHoY2YF+oOPf+LeByHZ6jg/BAEAAADA7eIkAl1C2KJRr/7qisW5+9YEugXvY089uxOd6afaZhyRYnwfP2JJoNuXfWT+Es0pjj1fHee81/wI+VCbhbrt7Fu2+hCkc8XUuWJ4jjp2jDpPzUs+7cvUGo7qAwAAAACn4yQCXcJO4k9IID77pa/eE40pVHWcglDkU+MUsRaTnbiUnzzXcY5JP7JV20ikuq8T6PZjH0LHalOfBbrabKtztavN817zo3PPIeuRNkICXX3yK2Gu16x159dtzkvnzrvaAQAAAMD5ObpAl9jTVy8sHCUGU0zqfEk8JmpXv+2zrRPWptp0foTys2hOlGcn0DU+ha3IWBa6svP8XQu1OdaaH53rNcV5tdGxa6pz5fv2R5/a2bnund/M0X67WAAAAABwMxxdoFs4/vYzX9wJQYk/CT+1qS/Fo14lHtVe/QiLyxSTVXAK+ZfA1BPnxDadH6FcqlAW8jcS6DWGcSz59BzV5uM6786HsB+9jgS6xmeOtSbOweN07HnKRrYa4/6uDQAAAABuhrMIdAlKCcBP/+E3hbpFp9tHwtDC08I22yxGD7URVciaFL/ZrvGdoE/kT0/N/eRcOTiO48/40bilJ+ijHEWdV9rWPiF/8iv/2Q4AAAAA5+ekX3GRENVTYZ1LkOo4RbKOl4RhJ6xTpI5sJEDzaXRn0wlgk4K2tmtM+qmoT7EtwBVbH0rkz/nM+Ony07zsV+3+V4kcZ7sqwnWur8DkByTj+qx9aAAAAACA03PS/yTa9SUWs5UlYe229F/96FcPSmzaRqLTHxCMfKS47WxMxre4zv705VxyjOqhtsx5zU/Xn6JbvuocjOzSVsi++ki6+Y9sAQAAAOB0nESgS5wi7gAAAAAA9uckAt1PueuT50c+8sx9dgAAAAAAcD8nEejCIt1fl6jfpwYAAAAAgJdyMoEOAAAAAAD7g0AHAAAAANgQCHQAAAAAgA2BQAcAAAAA2BAIdAAAAACADYFABwAAAADYEAh0AAAAAIANcVKBXv98vI7V1tmeku4PJ3X4z/Tze9sBAAAA4KY4mUDvRLGOU6SnIE4+9MnP3xtzDGYFupEwf8WbHj1YoNc/0iTe+PCTrS0AAAAAQHIygS5BWkWpn6hbgEswS8hK0KbdsTmnQNcYPX2fjQUAAAAAkJxEoEukvvIdj7fCW6Ld4vUuCvRzzQkAAAAA7iYnEegSqX56rtf8mkf2rYlZC+vHnnr2vu+ye3yScUSK8X38iCWBbl/2UfPXvw7U+Ils9eGl862x6a/G6r4X73iVjD9jI7/y7776/wWyJlnr0TwBAAAA4DBOItAl4CQKLTif/dJXd4JPYk5YGOvYQs+kCE2BKl9qs5D0uf3kuY5zTPqxoOz8mBSj2W4/9iF0rDaLard5PvVDQP2aT6JxFsZCY9OvzjNWnUOX3yE2QrFSpNsmayh7tdU6AQAAAMDhHF2gS9C99qEndqJNIk9iTqLQT411boGn1ypuk05Muq0TuKbadH6E8hPZJpRnJ9A1vj5ZXspH9hbqjq2x/rCi88xBbV0+RjEUSzG7c1HnNGNTz0WtgV4lxp23WJo7AAAAABzG0QW6RJvE+G8/88V7T4ol7vyddAlBizy9VvGYWACuiUKLR4thY5vOj1AuVXCLKk6NxtcYZkmkalw+abYgVl6K39XG42qcrJfnvTTPGRvFrXFE5lz9AAAAAMBpOItAlxiUKPz0H35TqFv0ud2Cs9KJSbctCc4ZG2GhnG1C+c0+QZ+hilv5UVzXRsf+frxt9JoC2W2ah+aTflNU1znO2IzqkNQ5AAAAAMBpOOlXXCQEJQh1LvFZxaGOU3BWDhXfEpuKtWTTCWCjtk6gW6SmnxmUT85TsVUPtcun0LHrZpvMz3NIPxojdDxixkaxsl4dnvuSDQAAAABcn5P+J9GuL5HQlTCseGwnrN2W/qufBx//xH1Po/2977RJoTuyMRnfQjX7q2jOPiG/+dTdPiycHTv91Hxk/8hHnrn3dRjZuBYZS2S8GRuhWi3ZINABAAAAzsNJBLoE7dpTW7geFvC1zhbkWoMZm2wHAAAAgJvnJAK9E4B6AqsnwGkHhzMS334SrtcZm2wHAAAAgJvnJAJd1K9W6OsREumdLRxG93WbWucZGwAAAADYDicT6AAAAAAAsD8IdAAAAACADYFABwAAAADYEAh0AAAAAIANgUAHAAAAANgQCHQAAAAAgA2BQAcAAAAA2BBnE+gvvPji1U+86z1Xj/3KB9t+MWNzW3j+T75y9ea3/cQOHXc2cDl4b7/2R96yQ8dq29cG5tA1RDW8yWuJrwEzOdy168Vnnv2Dqzf92AO7164fAACWOZtAf+p3fnf15jOySeEim+zbKnfthnuXkYA6pxieiXfunO4aqt85BPrSOvkaMJPDXbteINABAK7H2QT6Q//pP6/eqEY2usi/7YF3Xb3vkffvbGo/wHVYElmnYCbeuXOCw1hap30E+l0DgQ4AcD3OItBnLtZLNrrBSZjP+AHYl3OL4Zl4584JDmNpnRDoXKsBAA7lLAJdN6i1J98jG934dAPUV1t83N3wNNbf3RXdTXPJpruZui1j//pvfHjXpvF57K/e2K6LYfxVHr2+4c1vu2drH0Y3t+w3a7U0zr/a22/OVbEzhsZpvPtl27Xl/Hz+hee+eK8uinPITdq5Z061PnU9c54e/+Hf+th965E2dXySsWQncj1qLepaLc271q1jyabWpsvF4ijnKJ/pp+Ysao1nqH5qPrP7Qnb2IWq+M9R9XOczsy9mmNk7jvVzv/BLw1gz1wtR11zsWx+vg+ZuH906rK2nqTXIeclHCvTMP9ekrnm3Dl2ta97H2DsAAFvi5ALdF+alG/+SjS7C+nqLbxC+yeRNrGurrNk4h7ywZ16+kfrG4JuG+nTc3VhGMTVGY+U755XnNR/H7+IsUf26LfNSPvWGpzhL+bkt/ehc80pf8tPVYAmNlY+luVa/rpfH+NxrpDb79bmp86jIZ66X7GTvWJ1f+aw1zb61moxsPC/1p22ujfNRzrara2w/tRb7Ij+qg/N0bTJ35bC2L+ocunnuw2h+bp/ZFzMov9FajmIt/Uth58s1PbQWRuNzH6utroPa19bTbemnkvPU3HMvGrVnm9ch23SccTQm91Fno1ed13gAALeJkwt0XVCXLuRiyUYXWQshMbpA17bKmk13UXebYvqm5Fz02h0n8pU3NtPNodZAffVGPvK3RM5B555HPa/513GKnfm5LfPR+dq8ZlAuS/OUf8VxbiZjOX/l5P46J7NWV+WzNPcuXx2rLeObtXhiZNO113m5Phm72vi827fXpeao86V9UXMzoxrMMPLp9qXa7MNSjvvGGvnSudoPrYWRf8VWDm7Tmow+MJial3Kv61nxHqwfzJbwPLNe2p+5R2v9RvUc1RIA4LZwUoHeXXArSzZdX3fTEzrXzWDphrBk0/nNi79z8c0ibxz1JmLkq7tJdDc4tSmWYuq85lPj70PmUeN0NRY1vl5znNtyfp3NIYzqaVS3TlRkXWv+wm2yy3F1HhXlstZf83Vdu3msxRMjG7V7D1c8L81fdajzrLgeHr9U8yU0LvMQmbtyXtoXNY+Rn30YrbXbldOa7QxLa7lvrCVfalPfderSrUO3V9bWU7bVT8XvUX29R+OzBsa1qLHStuas2HntHPkQh9QIAGArnFSg+yLti2nHko3adDHe9+Kri3pexDuqjS/0eXNwm24KvkFaxOi1O07kq8uz3mTcljei7sbTxZhBcVxj+cg5el7ZJnLuOld/5ue2nF9ncwijepqcT7ZnDZ1/zqvOydR5VJTLWn/Nd1RXsRZPjGxmxqou2l91nku4Nkt171A+dc1rjp1NMlqX6zDy6XbltGY7w9J67BtryVeiftnN2CbdOtT3UmdT81Lu1aaSfmWv61fO2XPI/ea2rJeO8xpYr5tL9QQAuM2cVKB3wqWyZFNvDEYX4yUBnjeHrl9Um3rD8IXfN5ban3nncbJP/mrLm95o7KEoP803v89vFKvmI/uMX3P2jTNt1LZ2455BseRb/rp+r0XG9np5TD3PNvl3m+jWI6m1qDjf9LtUC/Ut+RMjG+WoXHNeFdvUea4x2sdL1Hk6dua+VAujuGs2+zBaa7dn/Ua2M2jMaO/sG0t2a/vC7GNr6jporHzkmlebbj09h6X4GleFf75HRrHzfb9Uq+TYewcAYAucTKDPXFyXbHwB98U68Tj36QKtC3tSfc7Y+Gbkfv+mB9nVG4peu+Pqw+RNXP7qTV1teZNxvOrn0BuR8+rqKXxzNIpdb76aY/a7PraTj0Pzq3R1zPXq6pNzq3sk2+q6i5ybSBv1dfVIZJ/jax1m9sWMzcgu47m/m6fpfKzNscM1zTz0240O2Rd1DUSu3wydD6F29Tvf2X0xw2jvzMSaWXOPyX6dq91+Z1Ae6UPU+tZYOq7rKbr3n2sslHt9SOI6OWZ9z6hfZE7VxtS86xp0NgAAt4mTCXRdHNdu+DM2l4puOKObovrSdobuhgkAl4Out4cI+5tC16rug6bO8wMMAMBd5CQC3UJy6QnGjM0l0wl037D2rZmfilFrgMvlrgh0XRtv0zwAAA7hpN9Bh8Op/9Rs6s1qCd/g+OdeALhtAl0o53oNrA8uAADuIgh0AAAAAIANgUAHAAAAANgQCHQAAAAAgA2BQAcAAAAA2BAIdAAAAACADYFABwAAAADYEAh0AAAAAIANgUCHk/HeD3766o0PP9n2AQBsiS995YWrV77j8atPfe7LbT8AwDk5qUD/2te/cfXqd37g6mWvevcOHauts4W7xYc++fmrl7/ufffd7LwfLlG06+b/7W9+dFeXrv/S0T7RftHe8D7hegHHYnZ/6aGC3qd6v2Y7AMC5OZlAtyDRBc9tOq4XRV8sLeKrqLtkXJusYcU3HtdPLNmfA+dUxajnsxWB7j2atROnENEI9GVcHwQ6nIJ99pds2HsAcNOcTKDrIleFmC+MFin5VCNtHnz8E1wc/wrXayS4VcdTCcrrMLrBeT51X9wU3YdI1/TYH3IQ6Msg0OGU7LO/Rg8YAADOyUkEui5w+i6fLoq1TxdIi5+RkINv4hvJSCxusX5LNzfPR3nXvpugE+jiFHVFoC9T97rWYCv7BG4/++6vU1wDAAD24SQCXRdBX/z06q8O6Nh9s4LFF1b7qE837c9x6rFsHOuxp569z5f7zVos5eqc82sldQ6O534dq23WTx2fpC/lprYav8M1MXXuFtburzkrlmqjGtpG9hqXfjy3HGvyJpn5qK3eCD03U/PtbLq4dd5ZK9dZfuqYGq/6qWNEzSfn5ViOn3stfdnOProa17UymXO16Wrc+ZnZSzdJrU+Xc12rrItqrXPb1OP0s0S3d+oam1rnuqZray5/9pt+DlmrpTVX3+jBiuaZe6j6UX51nPxmHJM1c+2TOn/ZZ3+Od79ye/ZLX71Xx+pjX1zzrhYAAOfgJAJdF11d4HyR04VTF1BdSIX6dfF8xZseXbyIWsTkjdM3Bl+k9eqLtm8Iju8LbN4APc5+ZDcby/7zwq2+PHcsj+lsZvwI55S+KspXvnJuiX1U34na5cc3X48RbpNvxcg2jclz29U2Y7/y4zordq2X6pPndR1sszQnUfOraz6KrfxsI9Sf552NYsm3YrgtcSyNcR6ugVGeass56TznWXN2TdNXnadQf9Yi87HNIcivalFZqsWhjOqWjObpMaqb8vOa6lh9Os46r1HXIduypo6RdsnMmttH1lT+9slXdPnV/tFvMVFOrqHsdOwaew/u+16rc5Bt3TfVZuSn1kf5ZT77Ij9r9ycAgFNydIGuC+JrH3pid2HTRVIXT11UfeHXuZi5AHYXbKHxvvjq2Bdw2XfH3UVd5E1nJlZnk3GqvW0cX7Yes+ZHyId81bw7NA/dpITjiC7WDHUeOq/5dXNdujF6Pq656fwkHpd10LzqXBPNt9tfueZeF9dN1Dl21PVUDNV4lIuosZZsE9llTt28av1yjqaOcz7Vbsso16V9MlqHrGHu42yvdV7D9cs96TbHH+33NWouOq/v4RprBo8Z5ZM+63tOY3KulboH6xyEfGTsel7nNJpjjaXzmevpPoz2EgDAuTi6QNcFUWL8t5/54u4iqgucLnb+p1Nf6GcugKOLrMa7PY/TPo+FjmWbfpSLL/QzsWSzdiOQfQq+RLYeM3NDqTfJGTSn9NP57dC4mm+9CVY/akubUZvxfPKmLKpvveq85lProLllv+srvL+y3zi+41S/lZEvx1P/2odNx9J/gJavWgOjXGqcrjbOuatpt5ai7rla51FOW0H5LeU4Wgetk+eeey3fG3mcY0fUdcg27wuvzdr+WlvzzN9juvgzeJzjZD0zX8X6Bz/+2O5hi8ao3fMS3R6Tjd/3Gq+cPabLV8dL86y5jmJVP8dAOay9pwEATslZBLovoJ/+w28KdV30OmFR0djuwit/vkDnxTnt81joWLbpJ2/4M7FkU2+UdVza26Yy40e4RjXvJarvzm8la5htOY8ZG7EUz/Opa55+Ohu3yS7HJYqrG7deda75z4rmJb+djdsOiaUxstMa1bjqW9sX9pNipdYz9/Us9rvvONlnLqbO4xiszWu0DllD1dzH2V7rvIbrtbQvZvft2pp3NjXWIdhH1lTHylfo/5tIoCuGr9uyyRp6nNr8Hta5bJVz7olaB51n/6Fz7PK5LnUNAADOzUm/4uILsM518a4XaV0E1ZY3CI33r1nsbiC+8PuinRfnvKjmsf3U2HlDmIlVx7jNcXJMxqrM+DHKJ298S8hGtmnveS35yBrq3HPIMdXGbdVvrVni/JZq3NkoTt07Fc+z+qn5JR4z4zdtlJvyqbFqfZKan16790PuC49Jv7JfmpOwb8eaRfPKum+NrmZJt+Z1/fTqespfd2x/HtvV0rFcr5Gt4i2thdrX1rzaCMXt9oFsFa/OZURdc+Wr67XaNF7+3v7oU7tY9pc11Lnfw5lP9VvRWPkY1cXIx9pcaj7HYC1/AIBTc9L/JNr1VXxx101F1BuRL+TuF+l75obb+XCf/czE0nHNL+O4rc5JpM2sH1Fzso0FQsYQ3U2ls027LsYjH3nmvhtudxNUW9oY+e7a3Zd51DoI1SJtNEYonm10nDYi+8WoRvKvfs+7jqvUWPoAKb/2Y+rcsgaOlWPsV+N0XvNVbbQO/npYZ2Pq2tQaisyn26PZv1W6vLOmXX1yfXXsWmlcd2xbHautxjA1F/+WqGqrc9uI3PMza17HC++Zim3rXMTMmnu8a+YapF3WRei4Xi+qjUmbbl4i10vU91W1yTXNcYfi3JVf1w8AcA5OItB1wRzdQG4CX3DrhR9Og4UAN7jjo/dVFVU6VtuW3nNwPPQ+SlG/dUb7Ma/Do2vEFubavccAAM7NSQR6J4h1wdVTlrQ7Fwj083PbRMVtoRMPFjvs77vJXRHomoeefuvVe1bHaaMxulbrmp3t50LvoZuMDwBgTiLQhUWx/0nyJm8wCPSbQfWuN2m4HvV9ZarQgbvDbRPowgI892idg64P2S9u8sm13lv5n2EBAG6Skwl0AAAAAADYHwQ6AAAAAMCGQKADAAAAAGwIBDoAAAAAwIZAoAMAAAAAbAgEOgAAAADAhkCgAwAAAABsiE0L9NnfX56/T3ft9wXr93LL7iZ/b7T/kMcWfvcvbJOvfvbjV0+85m9d/fo/etmOj//4K6/+94t/eq//688/d/XkD//tHTrOsafgox976upbv+07dui4swEAAIDjcCcEupEwf8WbHt28QE80t9si0KtoFH/w+IOt7V3DgtjzPqUwdqyl2p5ToH/5+eevvvf7X4MwBwAAOBMXJ9C3xm0R6H/88V/eCVO9dv13Gc89BbNE8Wcffft9dsdC8c4hvGf5/c985uqHXv+GnVDv+gEAAOC4INBvmNsi0J9+zw++5GsWl4Dmq3lr/l3/KUCgAwAAXDYnEej+jrXEp79SUr9rbRv1d+N0boH+2FPP7trtJ8ckSwJdPj1+6Xvqalf/jO0SGU/k3KvdqM/zX8ql5ivq13dmbNbQ0+OlJ+jq70SsBW4+fbYv041TW9oIfb1GX7O5jk3NX/0iv76T4ljtT77+W+7z2eF5Zqycs0W3XvNrQs6nG5+M7HSsNscxss/xJnOaBYEOAABwXk4q0CUELabr0/B9BLr8uM1isxOY6lt7gr5kI58Z61A0p1lhPxLoOpcf1cBtOlc93Ob6LIntGZtZUuxWoSdB2IlFCV0LU9vlWAvjbNNximSNqcJ7xkb5Zk6O5Vxso/nYlwWw2tUv24zTUceIOi/5yThqq3MwMzGFxnc1r/OUH/lzLvvy/p//xasffctbr1544cW2HwAAAI7LSQV6im+RYrSzcVsV6FUwa0z1La4j0Ec574v8jj5AdIwEeod8dgJ9KecZm31JoW4RmKJSAtFPnXX+0bf8vd1x9SMsblM8yn+KXQtMx5qxyRxsI+o4HVcxnMI35+X+imzqhwNR/VSbke+ZmGIk0Lvxdd4zSJjrt7botesHAACA03B2gW6BeV2B3onaYwj0GmtfZnJIlgS6+vyVFJMCXbhG7u+E+IzNIaS4TUEs4fjRN3/H7lXnEugWi3rVGAt8I1v71XEKzE7crtnoVec1jqgCvRO5potdGQnqzLHzMxo3aq/If5e75y4/Opcf+csa7wNP0AEAAM4LT9D/mhr7UGZySLIm2a6n5fVrMvUJesX1WhLgMzazpOiUCJQQ/5On//tO9Krvdx989dUfPfmz90Sk0HEKZLeleNRxCupOIK/Z6Hjmu+NrAn1G3I4EtcbYd9ZqbdyovZL+s10xFCvrs5T/GnwHHQAA4LycTaBLaNavfqjf4tRj9IR3SaB3wtXMiOMlG8VR/MxxXzyPJSGdzAp012LNr2q6Jr5nbNawsLZA9Plnf+5fXf3eT/+LnY1edW5BbpsU6BbaFpAWxBKptqnM2NT8OhuxJtBFzVEoB/+aReeT87JIdo56PZdAVx6Zy3VBoAMAAJyXk/8nUdOJaotO20isSjhakHd+qkDtbMySn2pjJIyzf/RhYA3NI/2kCJc/+c1+kbFqzup75CPPXL3yHY/fm3/nJ+PM2qxhsZtPZEUVgTpPESqhWYWt29KHWLIx+9qM8tZY2yj2mkAXNV4V0BbpaZNxdHwMgd49HRfpu8tFzMyzA4EOAABwXs76FReANSxAU9yKFLgzNtl+SfhDSf3wZNGeH2BmQaADAACcFwQ6bIqR+Jbg9FPlGZtsvyRGAl210lP0WrMZJMz1p/75bS4AAADnAYEOm0NPede+njFjc6n4A0zW5rr/sqCn6N/5Xd+9+7WLH/3YU60NAAAAHIeTCHQAAAAAADgMBDoAAAAAwIZAoAMAAAAAbAgEOgAAAADAhkCgAwAAAABsCAQ6AAAAAMCGQKADAAAAAGwIBDoAAAAAwIZAoAMAAAAAbAgEOgAAAADAhkCgAwAAAABsCAQ6AAAAAMCGQKADAAAAAGwIBDoAAAAAwIZAoAMAAAAAbAgEOgAAAADAhkCgAwAAAABsCAQ6AAAAAMCGQKADAAAAAGwIBDoAAAAAwIZAoAMAAAAAbAgEOgAAAADAhkCgAwAAAABsCAQ6AAAAAMCGQKADAAAAAGwIBDoAAAAAwIZAoAMAAAAAbAgEOgAAAADAhkCg78GHPvn5q5e/7n1Xn/rcl9t+8bWvf+Pq1e/8wNXLXvXuHTpWW2f7pa+8cPXtb350h447m7vKez/46V199Nr1H5O6Jt0avvHhJ3d9WuNsPxb77Itj8eXnn7/63u9/zQ4ddzZ3lff//C9efeu3fcfutesHAADYMgj0PZgR6InE520R6M7lugJV42fmc06BLvG9JohPLdCTtX2xxoPv+skdXV9yDIFuHx/92FNt/ywWzOY7v+u7r37/M5+5z0YxjvVh4rYIdK1j1kXUtfUaVLsffctbr1544cWdjV51vmRjVHfVv9baPmrN6h4Y2ZlRvmafNenqkz4cq85F/XXutUZ1D67tv1F/xpJN5im6Md28uvfEErOxxNqaVz9Gecpe47p+4bVwjNqf+7nLua6TayNbt8n393zfD9xXH8VNP/vWD2DrIND34NgCfUucW6Cfi2PN65icS6AfA9+c82a5RGevXEfCIdGYGbutoHyruNiXupauX/p1m4VQh4XWko2Rzdvf8cDOPtdp5KOu6T6x6thDGe0N+/9n//yH78tHx1lDi8estfoe/plH7tmMYphRf8bqbBSzike1ZX6HoFid306oKsduzRPlsraurnfnwzUe+Re1PvaX66JjiXHl6/rIdwp02XRrAXCXQKDvAQJ9HQT6OndVoPsGncLD45du+qbevLeOBc11cu7WsgqdmRrOiCthO/mWba7VyEfdA7OxRB17KKO9Yf8S2ino6txU4zzvGMVY689YnY3rles8k88ailXFuOuRa+P4sq91SWy3tK72L1+1r+7bjq4+tRY611oKz02vFujdHAHuIhch0C3SHnvq2Z0w8veA9bWGaiPxVNss7iw+9Sqhbj8j8TcSYjrPPJbEmnzYbs12hD5QZL7COXd9psaqtqqFhXjNM8maKm72jWrn2s/Ydizlk+uedt2Hr5m9Y/w1GZPzTtR+yDoa3cDyZl/xjdb/9Du6IfuGmv9M7Jtr12c6fxqnvpqXc6k35UQ32hrD5E3Y4uILX3hu50/9VaA4D1PFgm/uT/zmh++r0Sjv9CW6eWhszWOWbi0d2+0zgsRj1kSLcvyh179h51PH+VRy5MPxXcvZWKKOPRSN72qf/lUvx/FeUa6zOYxirPVnrCWbbFeuHpN2+6BYdd91c11a82RmXTv/Rj6VT9dnan08JmP6PSFbvwcyb+fZ1RngLnFRAj1Fk8WmRZ9tUlS5zTYWlynkZC8b2XqcmRFiSzYSfJ1o3Ic6hxFrdupXPs5Tr8q75q7xo3okS/G8Np0I3pfZ+SvmK9706Etq7fFad/twfulT65jnOs4xycy+WMI3sK6vkuIh25dutMmMnWJIvI5u7PYhmyUhW2/eFcdJH6rDPvPLXNxnkZC21a9iz+S2VKeO0Vpm/Mw5yXEWLaM1MOr3uDpm5KPWcjaWGK3Dvmh8V//0Lzw35eb6pbjLsZVRjLX+jDWyUXvdt3U9l2J3VJ9Cfqsf5Tda82RmXeVX/hW79vl9VOeV/jSu9ldfylUolvLRa11D56HxtQYAd4WLEugSRtkuAWgR2NlUcafXKpiXBOCMEBvZdCLwEJzfmthdmseILneNlx/5S9vKUjzleh0Bm8zOa02gL+2LjiWbmX2xhG9gXV8lxUO2+wa35mfphiw0vrvJduRNVa86z3756NqN5lJvxqMxo7zdnqKh2nZCpQqEDo3X3GbXRozWUm1ety7ninNW/CR92yZrknG6eYuZ+owYrcO+aLz8yF+2p3/l5a9FKDfPa2btxCjGWn/GGtmovQp0j0m7fZDPpfUWXivZum0U27ZL65r1rn2am+bY9Rn1uT4jX8rP81AuYrSG9qG5d3UHuM1cvEC3UJoRYnodCfTqW8wIsZHNSDAegnPUE13RifU61w6Nsw9Tc9d4+ZG/HFtZiqc4XY6HMDMvcV2BrnHaG7U+XdyZfbFE3sDWSPFQ+/Lm1t3c02bppqsYGr90Y0/ss8bLm3e2G/mfvQmP8nZ75trZKres21ps12CpTh3dWlooub3LuTIjrjqRo3wtHEc+an1mYpmutoeg8V39q3/lZLx+mtuacBSjGGv9GWvJJtvr/joExaofWCtra562M+ta653M1LnWJ2tnm3xPyKc+dP3uJz+1+CHLedX3EsBthifofy0EZ4SYXs/5BP1YAj1xvlUAL81DKE/1yy7bEOhzNslozWfJG9ga3Q2wY3SDW7ohJ+ofifwO2dW86s27UkXOEqO83Z4ipLNVfv7gIpbiynZNKI3Q2FqzKnS6nCsz4kp9OafE40b5pDiaiWVG67Avo71R/etcuT307/7Dvf3lfOu8KqMYptbBZM06H118HTs/t+2LYq3tu5k1NzPrWuudKI99Bbpe9f34nEPW0+f6T8BLAl0co6YAW+JiBbqEU4ptiSWJpirY8yloHSNkPxJbM0JsZON8lINyyb7r0gngOv+K8sxcVAPVoubu9k6YJksCVm2qe67XoSzFSZT3MQW66rj1J+iVzm8nLkb4Br0Wz3ZVCKzd4GW/JKCSkZBwe8autspjTQwI12Y2p45ac9cg27qcK85lZLPUr1heM9VA8XPu2a/ztVjJaB32ReO7Onf+la9+7WLmrH6J0qyr+vb5NYued/qoe7b68Jjqt9b0EBSrrlXi2Gtr7rYle9PV29RadNT6iJqLzrPGGqP349J70rFn9iTAbeHi/pOo0bna087i0jb+zR0WWbVfVEHb2Qi1WfzN2BgLPbOvsOtijXxU27SrNdTxIx95pvUlAWo70QnXykwd10R2RxXTifJW/hnDOOdOfHc+65wffPwTO99Le0d0a76Gbl71aVjeqH2z2tdmJBiq7chO1Bv4KJfRTVw32LTLG66O68290tVG+Ibv/NJvJzpqHiZtdLxUixm6fGttnF+1y9h61XnOK9E6jASO4uXeqHOvc3SstBHd2nS13YfRenqenX/vuZp33Ys5ZyEfGcN0eyX7M3bnw3sv6eZV81lDsZbGqH12zcXaHhJL6ylfWV+T89e4uk88znFln2Ocl/MdxelyArjNXPRXXAAAKiPhIwFRxQUAAMApQKADAARLTxfrU1kAAIBTgEAHACh0X0HIf3aH69HVN+n+BeNS0L/UdDVJ+DoHwN3nIgQ6AAAAAMBtAYEOAAAAALAhEOgAAAAAABsCgQ4AAAAAsCEQ6AAAAAAAGwKBDgAAAACwIRDoAAAAAAAbAoEOAEdDv7v6h17/Bv7a5g2g343NH1ICALgbINAB7igSy/qDL+cSbRLl+lP4+kMr2f7sFz5x9U//9cuvHvrF11+9+L++dvWvf/of7tBx2iW2+6Un/23bv0X+5E//6OpH3vl3rz7+P3+t7V9D9RmNVZ9qqFrK5h+/9f9+ia3/2il/UAkA4PaDQIcbwX9JsIo5WEe1mxFhxxDoFt1rf7lwSRxauO4j0CU+NUZju/4tog8Ta/OqaH4ao1eN17wlwt/1X/7JfX7UtybQxehDEgAA3C4Q6HB2JCL0NYiHf+YR/kn+AGYF+jGYFejqH/159kMEumxv09Nzz6sTzWtYfGvOEuad+J4V6ELiXGumtev6AQBg+yDQ4ez4u7Jf+MJzU+IP7mdrAn3tqxUWrxbcEqKi2hmJ0De88+/sXrv+LSKxfJ0n/q7RqC7pf60+PEUHALj9INDh7EjIWTx0YlN9KeD1VZj6dHbGRsi3+kyKFh2PxshnPoGsfg558m/hZB9d7GojMmfR1SypPka2iq0cMpaFeNdn6twd71gftCTkq1BNka8+PUEW3ZN42bhf+IOB0Ng8N37Kn0+lM47oYqVt53cG5yv/oyfo+7K0R7y2h+xhAAA4Dwh0mEI3+06sdSJzCYk5fb3FYyTqqhiWIK2+FT8FxaxNikYda4zbLCxTAHdiU/3XFTMaq/xynjrPuctGcTKfDo0TXV9lZNvNs2PGTvX/nu/7gb32wYhOKAsLdIlXC2HbpjDWcT7JrjZ6reJf1KfSslsS5MnaE+0llJ/i6FUxNW/5qd9B35elPat1QqADAGwbBDqcFQm9FAYWC1UQV+Gv/hSzMzaVTmxWIVPzs02NdQxqvoqp2GvC6ZgCfc1PV7OK+o5Vn/wqR7ZboKe4dpvFt8V4FfcptvM4Y0kUv/Wn/v69uLLzd77TV0f67Ppn0dxq7oeiPbv0XgAAgG2DQIezUgWjRWm2zYiLGRuLfz/tNyk2U4A6F/lOP0JtHn+oGE0fps7BObi/E+u1hkss2XrujtXZZX1qn1EtjvEEvQrurm9GoPsrKUknyh/+lX+5e/KtNlFFtvx6/Eisjz4U3DTaa2sf9AAAYLsg0GEKiTcLuWQfsVoFYZJCdUZ8r9k4luxqWxWbFrGax8wf2ZHPfUV695RZbUtzsFivQsv5pu2IWVvXptqOapbM2MwgATz6qsg+An1JLPtJ+bPP/T87X//jk+/fvcpH+q6ovxPpKfiz/abZZ48AAMD2QKDD2RgJUolWiVcLvFMJdAkWfRioQlLx9QRYpP0I21eBLr/1w0b2pUB3fjPzPIdAF52tPyQs+ZixmUECeSSSZwS6UP+SYFa7BPp//W8P7MbJh8boaXr6qXQfHrr4Hf7goCfx53jS7r1V97nx+21t7wEAwM2BQIez0QlAUQXeMQS6kE0+pffvXe+Ei2KP/Kkv/YjOx5JA9xw9XgLpV3/tA/c9sderxtpm5KvLJ8W/86ikL4u07Fd++UHAVNvOTjEzh31Ze/o9K9CFbPzVFGMbj0kRr74qnjsfNbdOtHecW6BrLUZ7WeRe7PYxAADcPAh0gL9CotcfEGB/6oesfZFIlnCWgO76t4hEfH5g2AL+kLf2L0H+8IpABwDYJgh0uHhmnsbDOrPisDL7VZEtsfbE/yaY/ZDkdRr9iwkAANw8CHS4WPxVEcT58dBXXGb+oy0cHz0NXxPdfnLOvxYBAGwbBDoAAAAAwIZAoAMAAAAAbAgEOgAAAADAhkCgAwAAAABsCAQ6AAAAAMCGQKADAAAAAGwIBDoAAAAAwIa4WIH+/J985erNb/uJq6d+53fbfjFjcwgvvPji1U+86z1Xr/2Rt+zQsdo6W7hdPPSf/vNuTZf2zGee/YOrN7z5bcP1974TOs6xx8IxnIPyPsQGxrh+j/3KB9v+5BxrDreHQ+8Ruu6wh06L12bmfd0xc4/YErfl2uR1mb1Paf20Doeu4zm4WIGuRVm76FUbLXxd/Ou+WWfygNvD2sXXF7ul/XLuC2K3ryszNreJY73vlvzMrLU595pfGn5fVmbW5qbZZ68i0E/Pde/53osI9P1xLl3tvC6z9ymt39avARcp0L2QS2+QzqYTKdd9s+5z8YXbzxZvoN2+rszY3CaO9b5b8uObyZZvAJfGFt9/a+yzV2/j/G4b173nw+EcU6DfBi5SoM9cxDqbTqRc9826z8UXbj9bvIHOiO8Zm9vEsd53S358M+FGvh1uo4DdZ6/exvndNq57z4fD8TVV+7z2eV3u0n3qIgW6FnDtzdXZdCKlvll9gdRrfs+421Bi6eLrzWgf3YW3fp+5izVjs4TzqHO336yTbDJOjuneQNe52GlMxsr6OOcP/9bHdv67fEzNuatNraGO1eb+zKX2eY7urzhetdNxty9EnXu1rfl2e8do/l1dks5mn32xhOy6+N3eqPPOcWmvdttkbbK9ss97YsaP6/Nzv/BLuxzc3+Xsvsw1sS/bidn6JnVfGOek/jf92AO715xjjaU55vi6v2TftXl+M2t1CpR3zWsW5dnV3Gszeh+LHGf7rq3bg1m32udxGWvf+WVsxbKf3Kei7p1RTrmenZ+lvaPXtz3wrqtf/40P72KJPFYOGq/Yel9pfD3OnHI+ImvudVLb2h6sfkT6miF9eC7VxjllHOEaae5eK/lwv87TT12rGm9mzWsuo7qoXfdZ23VzUxz3J7M1rPNJnJfz1RyW1rPmUmtnsi4i9+m5uDiBroX2DajrFyMbL3y2eVN4o3nxczHVN1pcb/C68f0Gyg1c/dhmtMHEjM0M3Rxq7qpNnju2a+ZaZQ1r/WbRfGo+iWNrLezbb/KsRc25s9Fx+llitHfMWt6m1jZRzt1F0Mi3bDzWNV7yl2vSMbJRnmv7Yg3VpLP3Gnot9Jpr4LVym+eZa2UfOU7sm+OIJT+OrXw8h6X9MfLledU57Euthf3murqmWUPlnvutngv5yH2gsXnuNs/PsRXH8UdrdUyUe81rFuXVvQdyTZdq6nl183Sb90mSdcv2zs8h87OfXAvn7HzquZBt5uW5L8XX+KW941zEF5774s6f7D/19O/tjjVX+XCuzkt9ssn3lmwzF/t2vXIPuq3adH48Lm32QfmNrgG1pjW2555t1cY1ybWSTdbd81xa80TjM69sl4/sq3Oofh1bY+1nFo/tcvS6dOvZ2S/1qU19sql95+TiBPpooyUjG208b2bjTeENoYXNN4LbRos9itW11w3l85pTMmMzQ43teft89ObOuXtM5lLrN4v86o1Y4xnnW/3mGirn7kKZNl3OS4x8mqxH129G+2JU5zVG/kTOd8TIZm1fzJA1yfrpXE/TRrWse6dbq2pjluqxD0t+uj1Y65WMfHkO1803a+u2GlN92l+jnJ1L3Qt1XhrvNbVNxhr5GdXgWORe6/qXyNzqntU+1bHa6/W/jnWt1OZ+t7l+yagmXfsh83PspfeN+upa1f00mruxz6W9k7XJHPI442QOeTyqZ9asyyfj6LzzU232JfPM9s5vte1qrDblqFx1rvl4jrYZzWtp7onaqk+3Z+zOtuYnFLfugxm69TDOf3ZOS77UtqQvzsVFCfSlBTFLNt2mqhtA49beQMnSxtcG6cjcnK/7uk0/YzND5lrnVC8kJuux7xtoDfn2nERXl+pXsT0H5aTc0odxjvvmN6qDqXUbkbXO9jX/RvnXOXX+bJtr0rFks7QvZsg5ydePPfDO3avOLXxk5zWt8/LaeK0yz9H6Zc7Zvi9Lfro96Lbcq2bJl+fhOR+Se83HPrNeqrneE11+wmNyTqL61qvO1W6bnF8XezTumByyP02Ofd8j79/tWbUJz2vkP+cldOxaCbdpfI4TWbds796To/hLdPlUFCffcybvdWuxZ/ZOHqd9HiuO4wpfO/LYfrqcXUv7zBrWHNPnyGZfOp9GuTg/nStG1jTn7jG17t2+qHPNOqfdCNllXtmesTtb5ZrXlH1jJx5rX0mdY7Z1sZZ8CbXnvhnZnZKLEugqcN1MlSWbbpPWRdbr2hso6XwutS/hXOqbM5mxGZEXFo3PTZ99OSbnvu8baB8UJ99Enmf1q9iOP8o52Te/NZ9LeyEZrf9MzhpbY4z8iazJiCWbzEk2s7UyylNCXP9ErfGq0b/5qf947/8PKGevQ+ZQ12bGxizVYx+W/HR70G3ep8lsTp7Tvvk7dt506ppqDfNmWnHsWs86L/Uv7UH7qfFna3Aos++/DtVG+/Szf73PtT/1qpw9j5H/nJdrpTb31/olo5p07YfMr8unovnVtaqsxfaa1zg598wl7fNYdrMCvaunsc+cV82x8zOaxyyZZ+1TLvn+rPXMuWdb2nVrNZrX7Bxkp/HyU9trjtVWuSrnnNds3Eq3HsZzXFrPZMlXRTbKe8b2mFyMQF9aKLNm442WiyTb3KDqW3sDJRqfm9k41lK+Hd2bszJjM0LjdHHJJ5vCtcu5+A2Qc9B423jMdd6wpr7Zuth1bbqcO+Rj9s0p36OLr1jaC4lidnk55yUfGpv93kujec7shzUb9XX7YgbPSf/RS08m1aZXnTumbTIHr4vXuLNxm21M3QuHsuSn24Nu6/aS7EZrVNnH1syM8V5Z2uvyU+esmqfvWheN0VrZRug412optuyOcYPU+Jn3X4fGaH9rX2o+moPy0l7VuW3kf2lede4eM5rfaN1kmzXWuXzsOz/H9xw67LvLz9hPl6tRjKW9k7m4TvU45y18vc1j+12qhX3mWmWczsbnqoVt9qXmudae1DV3W86zWyvlmjZZZ9ssITvNW/Ov7bXG1Va1yxpfh7oea31u6+bpGmSdRuxje0wuRqDPbP7ZN4g2v6mbU/1rbyD1ySb9iDqus1vzU99EMzb7YH/dhvebIWNVO2/07NcbqvO3hOwzjn25v8YRda1El7Oob8S67rlWIx+izqvuhaRbK5GxjGqWNrmmde461m9CSJs6n7R1bjM2ZmlfzKD55DwdO/3VfDQm947XQW0e47Yur1pD+a82M4z8eB0ytttsM7PmdT1FtwZrjPZp+nI+a7XQnNJH7i2TdVF/9y8i6SPnXHG8Ls4MdY1Mty9GOOesl/PKenXrVetZ19212WdfiFwHjde/Qu37Idn5rtVCuWUujpnr0a1rvh9F5izSR+ZiX/VYebgOwvfsPHasbt09T/vM/DKO2+p6Kr7GpM0a9pt5mPSj487G+yLn7jFqyz3pthxf+2fWXDHW9qDGV99q01w1Z53X+pm02Yeal/24xmvr2e0JkeO6dViq1am4GIGu4ucCdMzYXDp6c6x9iNkCMxcgOB63ZV9cMrq21Ztid1M7B/vG9fuZ6zPcVTrxLXQPqyL4tjB6n3N/nuMiBLo3gz+FdszYXDq36U3FBeB8UOvbQSfQJQYkCs69dvsKdOWnp1hcn+Gu0gl0v0/q+/a2MHqfa668n9e5qP8kCofhm/hN/TPPISAaT89t3BeXjN8TWq/kJm6SswLde6wKF4C7iN4P9f05+yF2q+R9wvB+ngOBDgAAAACwIRDoAAAAAAAbAoEOAAAAALAhEOgAAAAAABsCgQ4AAAAAsCEQ6AAAAAAAGwKBDgAAAACwIRDoe/ChT37+6uWve9/Vpz735bZffO3r37h69Ts/cPWyV717h47V1tl+6SsvXH37mx/doePO5q7y3g9+elcfvXb9x6SuSbeGb3z4yV2f1jjbj8U++2JrfPWzH7964jV/6+rjP/7Kq//94p+2NgBb5tkvfOLqn/7rl1899Iuvv3rxf33t6l//9D/coePO/lD+5E//6OpH3vl3r37pyX/b9leUzz9+6/999fH/+Wsv6ZMP9QnlrjlUmy3iWnf1de1VI9VKc7xNcwM4Jwj0PZgR6InE520R6M7lugJV42fmc06BLvG9JohPLdCTtX2xxteff+7qyR/+21e//o9edo+n3/OD99lISEtQ/8HjD97XfghbEugpWqpwkdgRdYxFQYomt8lHJ46EhYZjWVTsY2MBlmTOdbzo4sxS65P1mI1V7VJodbUU8iFfrmXNo/o5N85P9fAcTpGP49T6jPD+GO1BofV4wzv/zu61698a3j+j+mrO3neqU74fAOBvQKDvwbEF+pY4t0A/F8ea1zG5zr6wWF4T3scU6Fshb+xdv272nSiwIEsRJEHw1p/6+1cP/8q/vE/EGgvMHKO4//U3fmIvG/leEoJVfDnXpTEdHlfro9yc30ws2eacqo3PqwBVTMX2OPVnLh63tH6nxPlpPeqcOvtDcZxan+tQ1+22g0AHmAOBvgcI9HUQ6OtcZ19IcOvp+deff67tN3dNoM8IH/V1osuCzOLRthIKnfjRsURD2ldmbMS+Al0ot32F7MyYtViuk9pynGuvuc7Y6LzLZ7Zmp6DmrXUR1e66uA61PtehW7fbjGrj94T2Qt0nAPBNLkKgW6Q99tSzO2Hk7wHraw3VRuKptlncWXzqVULdfkbibyTEdJ55LIk1+bDdmu0IfaDIfIVz7vpMjVVtVQsL8ZpnkjVV3Owb1c61n7HtWMon1z3tug9fM3vH+GsyJuedqP2QdRR//PFf3n2lZSS8Jdzr119MCns9iX/y9d+ye336PT94zyb9Vl+yc5+RvT4I/NGTP3vPTk/45TftMsaS3QgLrKWbuW72vvFLzOgJuWyFji1w7GskODtxWZmxEfsKdPmT333Eo+ewNmYtlto7AZ3+u3oJ+/LYrj41/pbw3vmv/+2Be1/HyWOvn+evdpO1cB3+xyfff59dXRuNcd/aE+SlujmefdWaz1L91JxUH/XrVX22y71Sfeyzhzs++rGnrr71277j6sF3/WTbD3DXuSiBnqLJYtOizzYpqtxmG4vLFHKyl41sPc7MCLElGwm+TjTuQ53DiDU79Ssf56lX5V1z1/hRPZKleF6bTgTvy+z8FfMVb3r0JbX2eK27fTi/9Kl1zHMd55hkZl8sIVFskft0I5rF2hN0f1VGPmwj8T8SzYrTxXIu+f102eW5bPLDwVKcJVIAdKLGIkJ2FkBq03kKdL1avOtctinCJCzyvGPGRsjOgsU4R/UrlxQ8IgXfDK7L2ri1WOofCUHNQ1ig1ljOwYJN/TlPj5upmfny889ffe/3v2Yn0io/+pa3Xr3wwovtuENQ3qqH5ug6Kdf/9/978l5NPAfZeJxtXQ/XIWtrmxSzRn1rH1pGNt2617rPoHlpTjlG5+nH9dE8nMdSLI3POh0CAh0unYsS6BJG2S4BaBHY2VRxp9cqmJcE4IwQG9l0IvAQnN+a2F2ax4gud42XH/lL28pSPOV6HQGbzM5rTaAv7YuOJZuZfTFDCvUqxGcFevZ//a+fmEtAp614ekGgp/h2WxXsOXYpzgwWJhIMVUT4XN8t1xNQC48U6BIWKR40LoWH+iwkLcoUywJu1qbauS1J8WU/KbhmcD08Tr40H+djYbgWK/vdZjQPMcrROTiW+h3f7Duvc5J7IOuQx3WfGM3La1zXwrh+2SbSf+0zI5uM67a6Drara5H9Her3e8nnde5dLDOaLwDMc/EC3UJpRojpdSTQq28xI8RGNiPBeAjOUU90RSfW61w7NM4+TM1d4+VH/nJsZSme4nQ5HsLMvMR1BbrGaW/U+nRxZ/bFPkgQ1yfSswJ9ViQ/fQ2BXm0OfYJesUCwELCQkWBQm55+Spjr3E/MO4FpP27Ta4oTk6JjxsbnVUQlVXxVYTSD55RxhedlAbUWS+0SYbY3WbOufqLGGtVnqyjvGYHezSnn6jrU+oz2QfrP9mRkoxhVeJu6hmt0vnKuWR+PGc1V1PcBAOwPT9D/WgjOCDG9nvMJ+rEEeuJ8qwBemodQnuqXXbYh0OdsktGaH0ontrcm0P2kXxxDnJsUPhYyfnKutnf9l39y9d+e+ul7Al02EhpVjIj00wnVFB0zNj7vhJlxznrVuexkf4jAquLRAsq+1mL5vAquOtc6R9uk7y6ffTn3V1wsQHMueSybbk6aq9fYNa817Gom0n/tMyObjJvt+5Jzz7aca2dT91cymi8AzHOxAl3CKcW2xJJEUxXs+RS0jhGyH4mtGSE2snE+ykG5ZN916QRwnX9FeWYuqoFqUXN3eydMkyUBqzbVPdfrUJbiJMr7mAJddTzXE/Sn/0o4V5Hs9hTKybkEutrVPxtnHyQWJBoshiwYJLYtGtQncSOhLiEzEjVVgEhcVEFSRceszZKI0tgqvpRjJwSX8NwzVhVQM7Fkm/WTL/nMOdVaiTrPQ+Zwk+Scsk557HpmLdSuca6XbTT/zrfbTPqvfWZko3P5zViHUPPzHOq+qHNY2tvqyzodgr+DfuwPYwC3hYv7T6JG52pPO4tL2/g3d1hk1X5RBW1nI9Rm8TdjYyz0zL7Cros18lFt067WUMePfOSZ1pcEqO1EJ1wrM3VcE9kdVUwnylv5ZwzjnDvx3fmsc37w8U/sfC/tHdGt+RJP/5VIzqfRYiTCLY5tl0J6RqCrL+N0fmaeoI/8yM5j1rAYySfeKSRFJyw8TkLiT772xd1rJ2g6YaXjGq+KjjUbHdf+FDp6reLLuewrcCymazzXaDaW7HN8l0eddxVq6s912DopQLNOtWauV84992C3BrUOo3US3n8zNkJ51ffFvnWvseQv/9VJNnVPiLovOhtx6D7wv6B853d999Xvf+YzrQ3AXeaiv+ICAKdl9EFA58f8qgsAnI78ANP1nwr9BhcEOlwqCHQAOBkjgf704Gs5ALA9bkKgS5RLnPNrFuFSQaADwEnRV1nq11tGX8uB++m+QlPJr1gAnIJzC3SJcn3//P0//4ttP8AlcBECHQAAAADgtoBABwAAAADYEAh0AAAAAIANgUAHAAAAANgQCHQAAAAAgA2BQAcAAAAA2BAIdAAAAACADYFABwAAAADYEAh0AAAAAIANgUAHAAAAANgQCHQAAAAAgA2BQAcAAAAA2BAIdAAAAACADYFABwAAAADYEAh0AAAAAIANgUAHAAAAANgQCHQAAAAAgA2BQAcAAAAA2BAIdAAAAACADYFABwAAAADYEAh0AAAAAIANgUAHAAAAANgQCHQAAAAAgA2BQAcAAAAA2BAIdAAAAACADYFABwAAAADYEAh0AAAAAIANgUAHAAAAANgQCHQAAAAAgA1xUQL9S1954erb3/zo1cte9e4db3z4ydbutvGpz3356uWve9/Vq9/5gauvff0brc0peO8HP332mAAAAAB3nYsR6BaxH/rk5++1SaBXkS6xKdEpAZ+2+2AfErBd/7FBoAMAAADcHS5CoI8Es56ov/Idj+8Ertt0rLa3P/rUwU/Yzy3QbwoEOgAAAMDxuQiBrifhnZC0kM4n5RKdEuYS6q9406P3ifdZEOgAAAAAcCgXIdAluCUmLZz9HXSLcQvpFOydyFa7vkqSol1t+l67nsbX77gntvE4+ZAv96ff7sm+WYrXPfGXD3/QUL9tc162y3w64V1tRnYAAAAAcDh3XqBLPL72oSd24lKiVILy2S99dSdsJXZToMtGwthC2vYWoGsC3W2duE8sdDXWbbK1b4/P/rTrRLHmMRLoFtXOp86jy0e+Ms4o5y4XAAAAADicOy/QJZwlIiXKLXolNi3EJUQtOiU4U+RWIVvP3bavQK/iV+SYOl72zqvmaNImsbDOXJSrP6DovBurcfkVn85GPus8AAAAAOB63HmBLoEpMf7pP/zmq84lTCUsLd513olqC1m3HVOgV7HrMW63jXPMDxSdX9vXduVan3xXNC6/tmI819F8dK52BDoAAADA8bhIgS5BKmH528988Z7wtZDthKpF6DkEusfoVTby7+PHnnp2Z9OJ7c6n8LzWBHo3NulsEOgAAAAAx+divuLip88S3PoVihLVOrZwHYlN9VuUV7GrV/moAl0o1ki8epz9CMVPP+rTePlxbB37+/QeZ9QnanvNuaPLp1Lz07nGINABAAAAjstF/SfRrl/IRkJTorP2SZBKmLrPwtTCXKLWT+G7cWmbNhbFo34La4tu55h21Ufna0agi85XFd/KxX061hgEOgAAAMBxufMCXUhMduIbAAAAAGBrXIRA754i63jtqTIAAAAAwLm5CIEuLNL9FY36lRIAAAAAgC1wMQIdAAAAAOA2gEAHAAAAANgQCHQAAAAAgA2BQAcAAAAA2BAIdAAAAACADYFABwAAAADYEAh0AAAAAIANgUA/AP3+dP0edX6X+uG8/+d/8epbv+07dq9dP9w+Pvqxp3Zrah5810/e139X11zz1Lw0/64fbhcvvPDi1Y++5a339vF3ftd3X/3+Zz5znw1rDgCnBoF+AOcS6F/7+jeuXv3OD1y994OfbvuPiW5AuhH5piROKaTOJdZ8IzXf+/2vufry88+3tneNNcF8TLx/lgQLAv1wtGe1d8+1nltiRjAfE9VV8RS36xfnWHMAuGwQ6BvmXALdQu4u3Wx8U1+70d5VJCCqkNH6nmqNJbovtdanxh9+7toHmxk89/wwoj328M88cpK95g9CCG8AuGkQ6BvmXAJ95onRbWPmie5d5SbmjkA/HartJf3LT3LuaxMCHQC2wkUIdH8l5bGnnt0J3pe96t073vjwk/fZ6Vx86nNfvnr56963s8mvsVgwe7yO1ebx7q/tjp9C2232pXiK2/UlmY/IXEWNPYMEwNoTdAuwJ37zw8N/arbNF77w3L1/jq82iuHxosbUjVg+5Mv/jCy6m3T2G8fzjXbp5q7xilPbu5t0jVXHOe+0ESmsLJyrjXzbj2O7L8dnv3JTDp0Pr8OaqKlrUWPZz2jNa65J2q2tuVlaz85+RNZF5Lycs+aU65X1EzoXuWZdfTy+y3M2VsZIbOf6KV6OM4rzQ69/Q1snje3m7xhd3nW9TMafsanzqntS/d/zfT+we9Vcqw/nOtovSY4XWWO/N+U37TIf9eX4JH2lXVc7MXMtSLuRHwC4bC5KoEvAWiRb2H7ok5+/ZydxniLYgrsKeSE/nRiWvxTbbkthrTHymUJb51V8O/7oCfpoDoeI9O4GmfjGlDcZjelucnnDqTZmdPPNm5vzsG3mpePMRX7qjU7HFgj15ijkI2++RuMsHGyXeVqcZFtXi4xZ5+B5ZvyZedpG8T3W83Q+au/mlXT10piMpdiKk/OSTbeesu3aE+eedTN1nl1+M2hc+qlk/VznWj+heea+6dbLaHzuF5Ox7LvGso1zGcXxWoja5zGZv8l1ERqbtdF51mstv0NthGLlHrFNroXs1aY+0dW1Uv06H9fJ9ck4Xc7Z3tUyWcqt5qMY8infaee8PN/sAwC4KIFeha7EbIrvTiSPhPiovRPVNU5HFfFiTaB3fiXaX/GmR+/7gLAPurlYCORNqrvJ1JuUbOrNRj66m9PoRuiblm+u2ZY3U/WnzdKNVflYCNQbp88zT9nriWTN2dRYXX61NvVcZPzuXNRYPl+qT61NxfbVpsaSP9fENl2OS+1J9Z/UnJdsl5B93buJ/bpWpsbX8ezcu7UVXaw6r5l9kajP70/79Xr6POeitpxXRXnkPOu5SH+zNvVc1LnqVe9L5y2yPl1tKvbheprM0fXJfGrNTMbP9soot87vzDwAACoXL9BTZNfzJUYC3X0W2yPBLBt/LcUcItCrD1Gf4B+CbmZ5E9YNp96U682xsxkxuhHO3kxrLPmpHw4qztd+8ib+0L/7D7ubqNqE4ilujrMwMpm78s0xNT/P17G7eaqvxjCOVf101FwqXT1F9a3XnIPbOt+j9sT+s26mxpLN2nqO0NiudmJUv1qztRomyrETYF2sWoNq47XJfdEh+6yP7IX8abw/YKot4+s4ayOy7t7ro/xmbRS3xhGZc/VTWesXsulqrzGO1dXUbZmz8FyWYopRXKE4uXcUI2sMADADT9DjCfSxBLrj6al4ZzfzNRgxI9Az/2OSNziddzeZepPa50Y0uhHO3kx1PLrxj6i+ZS8h85nPfHbXpu8K61W+beM8M3aXu+wzn1oHj0kbxzCKkTf2ji6fSl27SldPUeel/jqPUY775F7XXGh81mZmPWdQLPlzzFH9tBa5Hjpem49RntcV6Dn3ui86FEs1yrXSOJ372N99t41ea13VpvjKI/1mPrVWMzaKvzaPOoeK9+mSH/kYCXTPq/Pjtpp3XZ8Ro7hCcbI2WV8AgFkuVqB3IvlYAt39r33oiZ2NYmVfje38qkAXSznJj56YV//XxTcvYYGiG1neaLqbXrVZYnQjnLmZzt5EK7LXDdPj5EcCXb+yTb4VR3H1NL3G8rnwDdh+lm7WRuOznh0aL8GSsSpdPhXXqxNjzlnja7/mlTnKpq7naB6j9mS0bqP2Y1B9d/VT31otltC4QwX6TN06lJ/8yJ/O5U9+1K48hI7f/o4H7uVV5+lc0o/GCB2PmLFRrHyPdCgP5bNkYz8ZT7Xyr1kUmnfWsNbdNtWH2nJtRF2fEcq9W/NRe4dzWKsTAFwmF/efRM2+YlhIUEtYpx/RfaXEtp0/nas9xz/ykWeuXvmOx1+SU8295m2RnizNoZI3iaTegHUjqzb15qbzvNl3yG/1Ixxv9mbqG3fFNl1/FWH2mzl7nnnDdJuRONC4JRtjm1Gda72Un/Ic2VhAZC1G1FqvranyU57ZX/NTW7Vbahdray7W1nOWOqfqw/XL/jpHodxG8xGj9RSO162V2/bZF139am7eN66p/aafGkv2v/prH7jv/1s4v4wlMt6MjejWNG2cc76POup7Qsfd+zjjZM3dn/vNbWknPLcupy5OF0/HnU3n07aZGwCAuOivuMA8upHkzf4mGd3YdV5v3udgFDdr1gm+TjhcIudcTwuwFFQ3yZb2xShu1mzGJtsvjZlrQbZ771/6NQAAXgoCHaYY3WBugpGg003uJnLsbsoWMhZfys3HtvE8Ll3UnHM9tyYkt7QvRuJb6+InwDM22X5paP5r14K0Vx2rPQCAQKDDFFsS6EL5+J+OTXcDPBe60dZ8UsRYGFabSxc05lzruTWBvrV94Q8HmUsVkDM2l8zatUC4hlu6pgLAtrgIgQ4AAAAAcFtAoAMAAAAAbAgEOgAAAADAhkCgAwAAAABsCAQ6AAAAAMCGQKADAAAAAGwIBDoAAAAAwIZAoAMAAAAAbAgEOgAAAADAhkCgAwAAAABsCAQ6AAAAAMCGQKADAAAAAGwIBDoAAAAAwIZAoAMAAAAAbAgEOgAAAADAhkCgAwAAAABsCAQ6AAAAAMCGQKADAAAAAGwIBDoAAAAAwIZAoAMAAAAAbAgEOgAAAADAhkCgAwAAAABsCAQ6AAAAAMCGQKADAAAAAGwIBDoAAAAAwIZAoAMAAAAAbAgEOgAAAADAhkCgAwAAAABsCAQ6AAAAAMCGQKADAAAAAGwIBDoAAAAAwIZAoAMAAAAAbAgEOgAAAADAhkCgAwAAAABsCAQ6AAAAAMCGQKADAAAAAGwIBDoAAAAAwIZAoAMAAAAAbAgEOgAAAADAhkCgAwAAAABsCAQ6AAAAAMCGQKADAAAAAGwIBDoAAAAAwIZAoAMAAAAAbAgEOgAAAADAhkCgAwAAAABsCAQ6AAAAAMCGQKADAAAAAGwIBDoAAAAAwIZAoAMAAAAAbAgEOgAAAADAhkCgAwAAAABsCAQ6AAAAAMCGQKADAAAAAGwIBDoAAAAAwIZAoAMAAAAAbAgEOgAAAADAhkCgAwAAAABsCAQ6AAAAAMCGQKADAAAAAGwIBDoAAAAAwIZAoAMAAAAAbAgEOgAAAADAhkCgAwAAAABsCAQ6AAAAAMCGQKADAAAAAGwIBDoAAAAAwIZAoAMAAAAAbAgEOgAAAADAhkCgAwAAAABsCAQ6AAAAAMCGuCiB/qWvvHD17W9+9Oplr3r3jjc+/GRrBwAAAABwU1yMQP/U57589fLXve/qQ5/8/L02CXSL9CreTdoDAAAAAJyaixDoX/v6N65e/c4PXL33g5++r12i/JXveHwn3i3Q00biXKJe/TkOAAAAAOBUXIRAl9CWQJdQz3YLd/V3At1tPEUHAAAAgHNxEQJdX2OR8LYg99dX1Oa+TqDrWG3qc5vt7KP2dzb1KbwEv/r9hN52fBAAAAAAgDsv0CXKX/vQEzuBLMEtgf7sl756TyBXgW6x3Alr2yyJeMWTzxTtOk8bxZX/bOs+DAAAAADA5XHnBboEr0W5v84i0a3vnqtP4lltOq7i20JarzpXn3zkV2U8zjYd6qsCffRU3TYAAAAAcJnceYFuMf7pP/zmq84lhiW0JYYt2juBLiTghY7Vl0/YE/nwmM4OgQ4AAAAAM1ykQJfgljD/7We+eO9J+qxAr0/QKzPiG4EOAAAAACMu5isuepXQ1tPstz/61E4M61jC2HZVoFchrVedVxGf1DH2i0AHAAAAgBku6j+Jdv3GQjq/llJFtLBIT7sU1oqnDwTp45GPPHPvSb1sEOgAAAAAMOLOC3ShJ+dLT70BAAAAALbCRQh0P/XWU2q36TjPAQAAAAC2wEUIdFG/msLXSQAAAABgi1yMQAcAAAAAuA0g0AEAAAAANgQCHQAAAABgQyDQAQAAAAA2BAIdAAAAAGBDINABAAAAADYEAh0AAOAC+PLzz1/90OvfcPX7n/nMfe0f/dhTVz/6lrdevfDCi/e1A8DNgUDfg+5P9Ffqn/rXsdo6W/0edv0+dn4n+93hwXf95NW3ftt37G54Xf9dQzf87/3+1+zmLDT/zu6YvP/nf3EXS69dP9w8X3/+uasnf/hvX/36P3rZjqff84Ot3aWjuqg+f/zxX277j4nEt0R49x5d6qvo2ub3+6Vc5wBuAgT6HswI9OS9H/z0JgS6npZ853d9972L6iWJGwtmIzEpUdnZHoNTC3T511rmEzDfMI+9phbCydJTNuU2c4O/LndNoP/vF//06uM//sqrP3j8wbb/WHz1sx+/euI1f+ueaDYS0hLU3ZhjIBF6WwS6hPIx6qG11Jpqbbt+c06Brvfm0vvXH7aX3le2QZgDnB4E+h4cW6CfA4u3S7ug+onQ0g3pNqKb7D/75z983030oX/3H66+5/t+4OiCVf7yA41rOvqQcy6Bftc4l0A3546HQO9tzokf0qzdB+p7viI/+orMqB8AjgcCfQ9uo0Bfe2pyV5m9Id02tJ4P/8wjV29/xwO7NdWNUm06P7VAF0t1RaAfBgJ9O9xVgT57H9B7Xe/50bUEgQ5wPi5CoPurJI899ex93w9/48NPvsRGorq2SZjrXK8+l1C3H/dXRgJd55nHkoiXD9ut2XboQrv0BH3pgquxeVG3OPPXHbonLboRuN/Ur2TM2DhvU28Yzu0LX3hul0f14RvN0k3JNk/85od3do5VRabORc6/zj3zrXMRqr/G6NU+RF2XjJEovuahPJWvBLlsNV6xnaPnpOPOb40nuxrHffJb5yk/elpf5yecQ7Y552x3W13TmovIWir37KtzSb/pS22jPbBE/UqIjtWmPn/HOkWu2+rXFfw1BmPhZvvsM1UkLuViwf35D/37e/7yuOYzEuiK99G3/L3dWPkXeex4Fp9/9OTPtvlUlgR6nVeKWuWt88/+3L+615fHKX6Vk32InFvON9cifdTxSfoSdT2zv/YluQ4Zb1S7Wptq5w8Tek27ut6j99uI7n1s9F5EoAOch4sS6BK4FuB6Ci6RbXE9K9DlI5+iy142svU4MxLoyZKNPkDs88R+RIqVepHWhbb7X/0iL9Sy07GFji/6KX6qoJOAqmL1EBu96jxz17Hmk2OVX+ajdvXLrgpNYb9ZF49J8ef62Yfn7tokGt8JWIvLzGNtnjWOz+VLNkJfb1Es2diu+nVb1sa+ql1S/XhM+kkyB+Mx2e42+XdbjdXtC+M65RoJ+831tG3GmkEiR2KnijMzK9DVX8VkJQVk12+hVv1asHm8zy0SZa9jkf5G8Zy/eOG5Z+75/JOn//t99nqVf9n5Q4RiyKabZ5eD6OaVfrwGarOt+pTPk6//ll2bxiifzKWujeeb61ltjGKmr4rsM1/nmG22G9Uj0RxyLtleayOfXmOdO3bmK5ua/+j9MkLvldF7fKkPAI7LRQn0FN9CAthP0WcFehXM1Sa5jkCvHyCOgUSSxIvwxTov3lU4yX5J2NSLdRVo3Y1hzWZ0M6mxdF4FnMZorHy4TcjGQj19OFadY81Rx9Vvzcco1kigr+Xbjc04QscaJxt9F91fdZGdc6419LicZ5dPRfbeLyZ9VGrdhGNne5dPHVvnkIz6ZmOtYUHXiUrTCTy3LYmqDsdLX0mKVrflmJqvXrvjbmy255w6/7bXaxWBI6EpuhxG7elHdXTtsj2Pu5oL5aiclXutjxjVQH7q3JaYiZ/tlZxLtivXOr7mnPWxTZe/3uN6r3fvpQ69V7rr3dr7HwCOy8ULdIvj6wr06ltcV6C/4k2PXvvpeYcEjC/AKWBS9KlP7XlR17gq2GQjH+qvF/ZOBK7ZqF39Nc5arBl8o/JNxrF8bjTPjFXPl1CMQwV6zcdrY8Hpfo1zn231Osq5xhFdW0U+12wSxXSups4h27LuNVZXL5N1yPbZWGuMxFtiYZY2S2JNTzpFJ9bX4nVC1mPUnsfVPo/r2Bov55Q21V6vVQRqTppbnbvocnC765K4RilAxZJA7/woZ+Ve6yNGNegEbqKYyqnG6tbc8bO9knPJ9q5mdR5ZH9t0+Y/eLyPqtWS2DwCOC0/QN/wE/VQCvYofCRpdeIW/3yyb/OqL+qpYqxdrnaeg7gTWms3szaTLZ40q4BxLvtJO/SnydDx7U9JcrivQsz6Zx1Jt6lpkHnU+osbu2LfGXZxa82zLuus45z0S52JUh9lYa4zEW5JitrZVsZbIvoqqtXhLYk1jqnBL+7Wx2Z5z6vzbXq9VBI6EpuhyWGo3KUDTfx7P1LzWJ9tqDTqBa7I+ta3Gl438K062V3Iu2d7Vpuac9bFNl/++74HufWz0nuQ76ADn4WIFehXbEsgSylWw6zvnSwI9n8K7zVxHoDsf5aBcsu86+GItdKw2XbglynVR1oVXwkffbZaNL8SySbGmC7VElP2MRFMyYyOUx5owrPnMoLgSf47vfPLGpb4qDpVP1msJjTtUoCuPpTiyG/1/gW6s8tY6dmM896V4+9ZY8UTX7jhCx1oH1925eF3WGNnbd+bgtlzjGSSCuiejpoo+C7WlMWJJkI0EnfxVv8rPQqzmkuIuj00VeiYFaNpU+4yd/moc0+UgunnV/jWBLjv5rqI06fIb1UA+FbPLKevjNvns5pC5Z3ulzsVo/NKa22ZGoIt8D2Z7Ze29qOsIAh3gPFzcfxI1nfCV8JYAt41/64sFeu0XFvQjHyaF/YyNkf+0WRP8SYqhpIooXYw7wZQXdLfZh45/9dc+cJ+N/VRSHM3YCOW4ZKNj5TC6UXRxqkCucxKdz7Wb26jOwjkrnzWBPvJjG43txL9QnJqja1DX23Tx0natxmK0njlOrzp3n/wqjmuz5Cdtuj0hnLPnk3NwW/qZxSLJVDGkY7W5X7/VRKIvRZUFXJL9xuLPNlVk1VyyvwpQvXbHNd/qyzlICKaArWJWr9WH+0zN16zNSyiWYqrPNRcjgS40x+rHOdX6ZFvNW9T5pU3t02+VkZ9uTWtOtnHs7DMZq9amq92sQNc1Q9cfvc+yvVKvSRX5QaADnIeL/ooLHI/RDUDnFqYzNtl+aiwcDxFvp0DCsorsTnTeNba2L2AZichOBMK26a4vycz1UO9FBDrAeUCgw1EYiSzdFPxEZsYm20/NbRDortlWcjwFW9sXsAwC/Xay9GF/9kHA1q6ZAHcZBDocDV2069cPquCcsTkXW7vZOJ9anypc7yJb2hewDAL99qJrTPd/UnSNmX2/+QP1pVybAG6KixDoAAAAAAC3BQQ6AAAAAMCGQKADAAAAAGwIBDoAAAAAwIZAoAMAAAAAbAgEOgAAAADAhkCgAwBAi36lHn+YBuA8jH4NJlwmCHQAOAv+M+n558zvOp6zqH+W/RTod5Prd5Qf4/eUX+fvBOzzu9JVE9XGf+K/s7mN6I/+8LvC7xZeU9P9cbXrrrneb/yBNhAI9FuO/wjThz75+bYf1nn6PT94T0SJS/kjLBZGOfdTiudTC3TPR+vpNgk+Cb9jr6mFcNZO/PHHf7m1V25Pvv5bbo1AX/vLko4zmi8C/TwC3R+iUjSO1uyu4T3qeeuPJ53yyfOMcD7WmssPf6gNEOi3HAT64Vi83TVhMIOE1ZKgvI1I6H30zX91c3zL37snDLu2Y2CBmh82XNPuA8i5BPqxkMBYEjzHFOhwGP6Lnlv5S8jnxHPPDyMSsw//zCMnEbX+MHCuWnt+p/xwB9sHgX7LQaAfjp/c3SWROoueMt+1DyZaz9998NU7vKYSip/9uX91FoEuRnW9TQLdYmTpSSwC/ea55K9CnPsJ87kFuuApOiDQb4AU1e/94KevXvaqd+9448NPtnbu17Ha1Pepz3356uWve9+9vuTV7/zA1de+/o2dnfznOLeljXy94k2P7l6Vg/3Iro557Kln7/UrvsbYZg3Fkw/5yjiZi5GN+0XNpdZKpP/a12GRsSRUJbi6J6KdQKlflanj/IEgbUR+JWPGxrHdV4VQ5qYcOh9uX/pwIhvV5o+e/Nl7PpRbiswUnjn/nLtiuF3UmP6XDI1JH926ZL9xTvLrfGWnsXpVu3NUjDoH+63xZJNrkeNc45ynkB+RbULjOoGu3Go+u3zLmtZcjGO5hm7vame/jmlbnaedvzbRPb0b5SEypuqiWJ//0L+/11/nWfdxVzchX7YRtTazSFz56xAixW0KMAkj21SBpD7hJ5zVT43T/SuE6/vEb35459+28pt2zsn9xvG0PjofiUbZjP7DocZm3s7JMbq8Ha+S8Wdssnai1lj93/N9P7B7zbWwD+fa7c9KjhdZ45k1H81HpJ18uL2rnVhbz2pf1wguDwT6DZDC20LTgttPwm1ThWkV27YbPUHvxqitCnSLfceTvxTgald/jlPunbgeYQGdcWbmWW2UWxd3rRYdKTi6G79FY7YJjUvBJbsUOjqWT7dVQWdBlb4PsRE6ztxto/ge63lmjuqz6El/Rm21LhqTQizrZx+KUcWYcF6Zg/A808fMPGscncvPC889s3vV+e/99L/Y9XutOr9dXjoe1UV0fjwm/ZjMIdtlW2ultpxnjdXti0R2uUbG+aVv2ea5SIHktopz6uYq5FexMg/lO8p51FdrcShrYifFk0WchWCKSws5+/K4FH5mVEf7lR+LTNlI2KXolM8qAuscUhjWHJxb+jQaZ99CY9OvzjNWzc9zyNocYiPqPG2jOXms7NWmPrG2P0X163xcJ9cn43Q5p21tryzlVvORr6xxZXaecHdBoN8AFpL5FNji1SJUr1WEdgJ0TZRWseu29G2B7tii+p3xs4bnuDTv0Xwylvqci3L303+dv/Idj9/7ULEPEkgWmikqUuykWJD90tcmqoDpBFoVUjM29VzUWD5PwSN7jdN4txnZad5VXMq2iqOao15Vt/Rb81lrd25r+VYRV/3p1bWRnb57rjbZaa2cc62hbHKeXT4Vx3bdRPqo1LoZxV4T6N3YOodk1DcTS6QYclvF89f4rl85VL9LOde1NfJf9+UhaE4piCsWYBZvRiIqRZX6q6iqNmYksDoR6Dbn1wnCJcEmOwt1j6k+lLvnp7Y610R55DzruUh/szb1XNR56VX7L+ee9Vmqg7EP19Nkjt2ad3Vfaq+Mctt3Pd3fzQEuBwT6DWARmoK4oj49ae44lUAf+RAzftbYR6B383asFOUa9w9+/LHdq84l0DPHfZF4ScGZAkZPYyWU1CZSbHhcCrYUFhY09tuJwBkb9dUYZhRrFsVJUaXxeS48T8eq50s4r2rbzdNtOYeaj/yk4FS/10R9tq1xM+cuTtdWsc8lm0QxDxXoNVZXryTrkO0zscSacBC1phXlUP2O8hKay2g+itHt832R0LGIrWK9E2tCgipFp/plJ/u06xjV0WJzJEDdVmPVXDpkkx+u5ENojHz5d9qrLePrOGsjMpb8pVh0vuljxkZxaxyROVc/lbV+IZuu9hrjWN2ad0J6qb0yiisUZ5/1XPIFlwEC/QawCLUo7ZgVv/Z11wT6Ui6ykRD/7We+uPMl29c+9MTu+/H75NNRxY/EjJ6+/umzv7Nr8/ebJTZsUwVUtllM+DyFRhUkMzZLIsd0+cygXKvglR/5s436uifoM6Kp1sR0gtNtOQcdZ22q2BzVpourWKLOR3SxK/vWuIsjas3dlnV3rJx73RfJqA4zsYSF1ZIA6mqaKIfqd5SX8HrU9oriaf6juLNobhKGnmMn1oREVIqqKrKWGAmsTrh2Na9idknMGcVK8aoY8qNzH/u777bRawpkt2U8+818Mv9ZG8UX2Vapc6iM1iqRj5FA97w6P26reY/aK6O4QnGyNmvrWdcALg8E+g1gEWpR2mHRvGQjOtGbSLyufZd8SwJdqL/GSjzmwcc/cfX2R795Ederzkd1mKUKAAkMCXT9JhAJDIkLCQk9Tbc4s1jxuZBN+lkSJ2bGRuJKIitjVbp81lBMxc74Gp8iyzYppJzPjGByXtW28+s2z2E0NpFtJ/K6scpb66p17MbI15IQ3LfGitcJ9Fo/vSpu1l0xcl3WGNnL94xAnxFA3ZolyqH6XZqH/Ix8Jd1aCufcicIOiR6JH4vAbs6dUFS/7GTvthEjsebYmWfNZ0noLaH8UtTJn+clX0LHb3/HA/d8yyYFunNJPxojdDxixkaxtEZZ04ryWBLown4yntbEv2bR65lrVetum+pDbccW6KP2JWbqCXcbBPoNMCPQhYVzfs2jE67Vropmidbsq0+atybQReZsqojPDx7KvdqsYTGUVAFjIVIFk2xTJLjNSNBrnG3sJ21E+p2xERZ1IxuLGOXkMckoThVIdU6i+qwCs0N+qx/heM4n47st43XrJWyj8XUOwvXIHO2/rndS46XtWo3FqM4ix+nY7c4z/3/DyE+uebcnROYsv3W+aks/poq2jhpTOSpX9WlO1a/a0qbW1+S4rI3J2hkLqJFAV5v6krTL8aabvwST7GSf7abzYxyvCsVsS1Ha5Sxso1xqX81N+WseFnrOL8V3zVn2v/prH7j3dRjZOL+MJTLejI2wuB7ZOOesRYft7KOuV52X6NY8RbDb0m6pPfsyThdvbT2Tbj/A5YFABzgDEo4pToSFl0XljM056UTWTWExKFGX7Z3ovGvcxL7oxMtdZmvzlTCrglNI5KW4Pgej2lhEKqcZm2y/NPZdT9VR9VRdsx0uCwQ6wBnoRJZFp58Iztick9sg0FWzreR4Km5qX1ySuLoNAt05nlu4jWqjHP0EeMYm2y+NfdbzJj6EwTZBoAOcAQlICcn6z/UpOGdszsmWBLpQPrU2VbjeRW5yX0hQ5Fcd7iojgXmTKJf8KoS4qfy0DyQwM5cqOGdsLpmZ9dT7bPTHpeDyQKADAAAAAGwIBDoAAAAAwIZAoAMAAAAAbAgEOgAAAADAhkCgAwAAAABsCAQ6AAAAAMCGQKADAAAAAGwIBDoA7H7v7iX8vmuALcDvuwaANRDoF4L/iET9q2XHxH81zhzrr8f5j4hc+p+LPhUSC/w5boDzwl+MBIAlEOgXwjkEurHgu0mB7hzyA8N1PjQo9lLtbuuHCOdd/6Kd22v96vy8r6pd+qsf3Ey3Fv5re12c7/m+H3jJE0f5SJEzsjPyW/Mw+4ilUX2E5+Xa1H2jOdZ61xrV/m5M0vXnnjzmes7Q1bnWwci3+msuo30jlKNynbGRr9G6e61G9XG/2Gc9PScz2luyG9UFAC4bBDocnS0J9Bzjm/k+fozGLN1ID8lxC6gmKWRMNx8LlBQjbltaa/XNiF/165/9H/6ZR15Sa8U5hkBP1tZ0lpEf5yKyPlXQ6biugeyXxlS6/lzDY67nDIqT6+L4dR8srXlS17ljyabmU+nqo+Ncl5n1tJ+luSTHqjcA3D0Q6HB0dBPUzfBYN53u5rmGc6hjdCOdvXkm8rM07pAcbxrnXIVd9tX5aE2raFkTGOpbE1dCdor5hS8895L9Y3HkuDkmfY/sOtbWdJaRH+ci8Zk1TkEnmxmBlmM6uv5cw2Ou5wyKU9e8863j0Zonal/bQ0s2XT5JV5+ar86PtZ6Jxnb7BwAuGwT6HUc3JN2Y/E+t9SYudFPSDeKJ3/zwPbu8aScab5uRP8esNynfBHPMSDjoPOOINZvsdw51jGLXnOucckztSzS/Wt+kCoJqO+qX35xb5qs+22iNbFNrbaHg/s4m42W7GK2Lx7h9RpCor861Q/O0Xx3nvC2O6p6svkd2HYp1DGE08uNcfveTn7p6+zseuJdTzm02h1qPStefa3jM9ZxB/uqad2ujnB17aY4ze2jJpssn6eqjXHLMzHrKVmNm1tQs5e312McfANwNEOgXxOgGqJuSBFzeBGSX576BLd3kjG9S9SZvH5mD2/LGWG+mMzaOaZt6LpRPFarqz/POxnZZj0qXY9Llo+NuDorvGvkG7XycX44b+alzqFhwWGgko/m4veannJIcpzwyvw715W+1qGNGuc7adSjHpTWdZeQnc5GNa6LauX55vMSaXdefa3jM9ZxB9rkujpN1WlvzZGYPLdkonzonzdOxnV/2Z65iZj1t5xqu5SzSb9cnXzUXALj7INAviO4mLurN1G15U9DNL29oS8iP/GlMtvsmmDm4zTe7buyMjcicbZM33DrHjhnf2W5qjpVufI3l86X6yLaug9pybp2fjs6XGc3H7fZtAVHrlagv10F0c8j6VL86v80CXfnJRq+qneuXx0us2XX9uYZ53Nl4rHJdW88ZFKeueY29tubVNte5Y8lGsZfG1/roNXMTM+uZeD6ae/XV2V235gBwt0CgXxCjG0l386o3qJkbpJGNbOsNxzfBzKHeGPMmOLKx/yoA8kZoG48ZkTfRpOZe61GpOVbUXmMYx5rJWbbKN+vTrU2t0UhAjMTsaD41R9ev1ivp8qvUven4bhvlWn0vzamiOSyt6SwjPzUXzUX55lz1OpNDjuno+nMN8zhtDlnPGeTvumuezOyhJZu1fGp9XJesw8x6drimtfbZP7tnAeByQKBfEKMbSXfzUlsKh5kbpOlubqK7Ac/cGGdsKrYZ3RRFZzPyXetRqTlW1saLmZyV14xAT+y3rv1ormI0nxrf4qPzYWbzyw8txuNGuda67iN2ZtZkhpGfmote9d1l4bWo9Rwxeu+aLoes2THXcwbFue6ap73yWfInlmzW8unqo+OsuWqztp4d9j2ymZkbAFweCPQ7gG4kurF1IiEZ3eS7m5fa0p/6ZLMWQ9i2u8krvn34xqXcfWN0m/PsbOxn6abmHHJMpbORX8Wquet8TUjl3Gqfhc+++VS6PGZu8MrNNTW11l1f5qI4dR08r1qvZC2/UX/1Xevb1UtjtirQ1S8xpzbX3HXu1jRr2q1forF1HZSX6+o4WSvZHrKeM2Tsrl/+Z9bcjOyTJZu1fLr61Fx0vraeHRrfXVPM0to6h7W5A8DdA4F+B9BNRTeATiT45lDJC35381Jb9eebWPrJG4uOs6+zUQzFcp/iqD9vjNVGc6g2ootnG/uoYyrqz/H+fczdzbTGqzY171pT32zTR9rM5KyY8mGR4Lb008Xp9obHVn+iW+vOroslcs1rfhXZpr1xDu7rcqq1msnHaOyoLmt0uRjvC+VSPyyoTzY1H52nj7V+UdfDvk3W/JjrOYNqe4w1N2t7SCzZ1Pe58Vo5bt1PysM+Z9azroHo6mzkV/6dRyXXbWQDAHcTBDrABTMSRABwevS+0/tP78OuX/jDBQId4LJAoANcOH6KV58eAsDpWPtXBuH35pqIB4C7BwIdAHb/BK/fSb0kFi6B0Vc8kkv+1wbNvauJWfo6B/wNep/l74Dv8JNz/nUL4DJBoAMAAAAAbAgEOgAAAADAhkCgAwAAAABsCAQ6AAAAAMCGQKADAAAAAGwIBDoAAAAAwIZAoAMAAAAAbIiLEej5J5j5i2wAAAAAsFUu7gn6zF9vAwAAAAC4KS5OoM/8BTcAAAAAgJsCgQ4AAAAAsCEQ6AAAAAAAG+LiBPoLL7x49aNveevuu+hdPwAAAADATXJxAt1IoPMbXQAAAABga/AEHQAAAABgQ/AddAAAAACADYFABwAAAADYEAh0AAAAAIANgUAHAAAAANgQFyfQ+VP/AAAAALBlLkag69cp6tcqfud3fTdPzwEAAABgs1zcE3QAAAAAgC2DQAcAAAAA2BAIdAAAAACADYFABwAAAADYEAh0AAAAAIANgUAHAAAAANgQCHQAAAAAgA1xMoGu3zWu3zmu3z2uPw7U2QAAAAAAwP2c/Am6/kAQfxwIAAAAAGCOkwv0F1548epH3/LWnVDv+gEAAAAA4G9AoAMAAAAAbAgEOgAAAADAhji5QBcPvusnd3R9AAAAAADwN5xFoAs9Qec3ugAAAAAALMMTdAAAAACADcF30AEAAAAANgQCHQAAAABgQyDQAQAAAAA2BAIdAAAAAGBDnFygS5jzp/4BAAAAAOY4mUCXIJcw169W5Ok5AAAAAMAcJ3+CDgAAAAAA8yDQAQAAAAA2BAIdAAAAAGBDINABAAAAADYEAh0AAAAAYEMg0AEAAAAANgQCHQAAAABgQyDQAQAAAAA2BAIdAAAAAGBDINABAAAAADbEUKD/2Z/9WTsAAAAAAABOx1Cg//mf/3k7AAAAAAAATsdQoP/FX/xFOwAAAAAAAE7HUKDrh6foAAAAAADnZVGg/+Vf/iXfRQcAAAAAOCOLAl0/Euk8SQcAAAAAOA+rAt0/+k66hDpP1AEAAAAATse0QOeHH3744Ycffvjhhx9+Tv+DQOeHH3744Ycffvjhh58N/SDQ+eGHH3744YcffvjhZ0M/CHR++OGHH3744YcffvjZ0A8CnR9++OGHH3744Ycffjb0g0Dnhx9++OGHH3744YefDf0g0Pnhhx9++OGHH3744WczP1dX/z+00eOA5XhLhgAAAABJRU5ErkJggg==\" data-filename=\"Capture.PNG\" style=\"width: 590.778px; height: 451.024px;\"><span style=\"font-family: Ubuntu, Helvetica, Arial, FreeSans, sans-serif;\"><br></span><br></p>', NULL, NULL);

-- ----------------------------
-- Table structure for failed_jobs
-- ----------------------------
DROP TABLE IF EXISTS `failed_jobs`;
CREATE TABLE `failed_jobs`  (
  `id` bigint(20) UNSIGNED NOT NULL AUTO_INCREMENT,
  `uuid` varchar(191) CHARACTER SET utf8mb4 COLLATE utf8mb4_unicode_ci NOT NULL,
  `connection` text CHARACTER SET utf8mb4 COLLATE utf8mb4_unicode_ci NOT NULL,
  `queue` text CHARACTER SET utf8mb4 COLLATE utf8mb4_unicode_ci NOT NULL,
  `payload` longtext CHARACTER SET utf8mb4 COLLATE utf8mb4_unicode_ci NOT NULL,
  `exception` longtext CHARACTER SET utf8mb4 COLLATE utf8mb4_unicode_ci NOT NULL,
  `failed_at` timestamp NOT NULL DEFAULT CURRENT_TIMESTAMP,
  PRIMARY KEY (`id`) USING BTREE,
  UNIQUE INDEX `failed_jobs_uuid_unique`(`uuid`) USING BTREE
) ENGINE = MyISAM AUTO_INCREMENT = 1 CHARACTER SET = utf8mb4 COLLATE = utf8mb4_unicode_ci ROW_FORMAT = Dynamic;

-- ----------------------------
-- Records of failed_jobs
-- ----------------------------

-- ----------------------------
-- Table structure for migrations
-- ----------------------------
DROP TABLE IF EXISTS `migrations`;
CREATE TABLE `migrations`  (
  `id` int(10) UNSIGNED NOT NULL AUTO_INCREMENT,
  `migration` varchar(191) CHARACTER SET utf8mb4 COLLATE utf8mb4_unicode_ci NOT NULL,
  `batch` int(11) NOT NULL,
  PRIMARY KEY (`id`) USING BTREE
) ENGINE = MyISAM AUTO_INCREMENT = 13 CHARACTER SET = utf8mb4 COLLATE = utf8mb4_unicode_ci ROW_FORMAT = Dynamic;

-- ----------------------------
-- Records of migrations
-- ----------------------------
INSERT INTO `migrations` VALUES (1, '2014_10_12_000000_create_users_table', 1);
INSERT INTO `migrations` VALUES (2, '2014_10_12_100000_create_password_resets_table', 1);
INSERT INTO `migrations` VALUES (3, '2019_08_19_000000_create_failed_jobs_table', 1);
INSERT INTO `migrations` VALUES (4, '2019_12_14_000001_create_personal_access_tokens_table', 1);
INSERT INTO `migrations` VALUES (5, '2023_09_26_071444_create_questions_table', 1);
INSERT INTO `migrations` VALUES (6, '2023_09_26_071735_create_answers_table', 1);
INSERT INTO `migrations` VALUES (7, '2023_09_29_043240_add_title_answer_to_answers', 1);
INSERT INTO `migrations` VALUES (8, '2023_10_02_063244_change_answers_table_title_answer', 2);
INSERT INTO `migrations` VALUES (9, '2023_10_03_062826_add_image_to_answers_table', 3);
INSERT INTO `migrations` VALUES (10, '2023_10_31_040041_create_posts_table', 4);
INSERT INTO `migrations` VALUES (11, '2023_11_01_080611_create_votes_table', 5);
INSERT INTO `migrations` VALUES (12, '2023_11_02_031543_add_question_id_to_votes_table', 6);

-- ----------------------------
-- Table structure for password_resets
-- ----------------------------
DROP TABLE IF EXISTS `password_resets`;
CREATE TABLE `password_resets`  (
  `email` varchar(191) CHARACTER SET utf8mb4 COLLATE utf8mb4_unicode_ci NOT NULL,
  `token` varchar(191) CHARACTER SET utf8mb4 COLLATE utf8mb4_unicode_ci NOT NULL,
  `created_at` timestamp NULL DEFAULT NULL,
  PRIMARY KEY (`email`) USING BTREE
) ENGINE = MyISAM CHARACTER SET = utf8mb4 COLLATE = utf8mb4_unicode_ci ROW_FORMAT = Dynamic;

-- ----------------------------
-- Records of password_resets
-- ----------------------------

-- ----------------------------
-- Table structure for personal_access_tokens
-- ----------------------------
DROP TABLE IF EXISTS `personal_access_tokens`;
CREATE TABLE `personal_access_tokens`  (
  `id` bigint(20) UNSIGNED NOT NULL AUTO_INCREMENT,
  `tokenable_type` varchar(191) CHARACTER SET utf8mb4 COLLATE utf8mb4_unicode_ci NOT NULL,
  `tokenable_id` bigint(20) UNSIGNED NOT NULL,
  `name` varchar(191) CHARACTER SET utf8mb4 COLLATE utf8mb4_unicode_ci NOT NULL,
  `token` varchar(64) CHARACTER SET utf8mb4 COLLATE utf8mb4_unicode_ci NOT NULL,
  `abilities` text CHARACTER SET utf8mb4 COLLATE utf8mb4_unicode_ci NULL,
  `last_used_at` timestamp NULL DEFAULT NULL,
  `expires_at` timestamp NULL DEFAULT NULL,
  `created_at` timestamp NULL DEFAULT NULL,
  `updated_at` timestamp NULL DEFAULT NULL,
  PRIMARY KEY (`id`) USING BTREE,
  UNIQUE INDEX `personal_access_tokens_token_unique`(`token`) USING BTREE,
  INDEX `personal_access_tokens_tokenable_type_tokenable_id_index`(`tokenable_type`, `tokenable_id`) USING BTREE
) ENGINE = MyISAM AUTO_INCREMENT = 1 CHARACTER SET = utf8mb4 COLLATE = utf8mb4_unicode_ci ROW_FORMAT = Dynamic;

-- ----------------------------
-- Records of personal_access_tokens
-- ----------------------------

-- ----------------------------
-- Table structure for posts
-- ----------------------------
DROP TABLE IF EXISTS `posts`;
CREATE TABLE `posts`  (
  `id` bigint(20) UNSIGNED NOT NULL AUTO_INCREMENT,
  `title` varchar(191) CHARACTER SET utf8mb4 COLLATE utf8mb4_unicode_ci NOT NULL,
  `body` text CHARACTER SET utf8mb4 COLLATE utf8mb4_unicode_ci NOT NULL,
  `created_at` timestamp NULL DEFAULT NULL,
  `updated_at` timestamp NULL DEFAULT NULL,
  PRIMARY KEY (`id`) USING BTREE
) ENGINE = MyISAM AUTO_INCREMENT = 3 CHARACTER SET = utf8mb4 COLLATE = utf8mb4_unicode_ci ROW_FORMAT = Dynamic;

-- ----------------------------
-- Records of posts
-- ----------------------------
INSERT INTO `posts` VALUES (1, 'First', '<p><img data-filename=\"Capture1.PNG\" style=\"width: 325.473px; height: 247.222px;\" src=\"/uploads/16987375140.png\"><br></p>\n', '2023-10-31 07:31:54', '2023-10-31 07:31:54');
INSERT INTO `posts` VALUES (2, 'dsf', '<p><img data-filename=\"Capture1.PNG\" style=\"width: 757px;\" src=\"/uploads/16987375300.png\"><br></p>\n', '2023-10-31 07:32:10', '2023-10-31 07:32:10');

-- ----------------------------
-- Table structure for questions
-- ----------------------------
DROP TABLE IF EXISTS `questions`;
CREATE TABLE `questions`  (
  `id` bigint(20) UNSIGNED NOT NULL AUTO_INCREMENT,
  `user_id` tinyint(4) NOT NULL,
  `question_title` varchar(191) CHARACTER SET utf8mb4 COLLATE utf8mb4_unicode_ci NOT NULL,
  `description` mediumtext CHARACTER SET utf8mb4 COLLATE utf8mb4_unicode_ci NULL,
  `created_at` timestamp NULL DEFAULT NULL,
  `updated_at` timestamp NULL DEFAULT NULL,
  PRIMARY KEY (`id`) USING BTREE
) ENGINE = MyISAM AUTO_INCREMENT = 18 CHARACTER SET = utf8mb4 COLLATE = utf8mb4_unicode_ci ROW_FORMAT = DYNAMIC;

-- ----------------------------
-- Records of questions
-- ----------------------------
INSERT INTO `questions` VALUES (1, 3, 'Is there a fast way to create many (sub-)categories?', 'I am looking to create more than 100 categories, which would be way too cumbersome through the admin panel. Is there an alternative approach to this?', '2023-10-05 02:23:14', '2023-10-05 02:23:14');
INSERT INTO `questions` VALUES (2, 3, 'Allow to standard registed users to create categories', 'Hi, how can I allow normal users with account to create categories?', '2023-10-05 02:34:47', '2023-10-05 02:34:47');
INSERT INTO `questions` VALUES (3, 3, 'Hiring an expert to build and create a backlink plan', 'Hello, I would like to hire an expert with previous work to create a plan to build a legitimate backlink that is compatible with the latest Google policies', '2023-10-05 03:23:01', '2023-10-05 03:23:01');
INSERT INTO `questions` VALUES (4, 3, 'Removing names from questions and answers', 'How can I delete the user\'s name in the question or answer section and there is no name in any of the questions and answers?', '2023-10-05 03:23:33', '2023-10-05 03:23:33');
INSERT INTO `questions` VALUES (5, 3, 'can users create own group or category?', 'I would like to know Q2A has functionality that allows users to create their own group?', '2023-10-05 03:23:51', '2023-10-05 03:23:51');
INSERT INTO `questions` VALUES (6, 3, 'I need to change the language of \'on site notifications plugin\' to turkish', 'Hello dear administrators and users. I am using the latest version  change the spelling order. The codes are written below. How can I make this order?', '2023-10-05 03:24:28', '2023-10-05 03:24:28');
INSERT INTO `questions` VALUES (7, 3, 'How To Screenshot On A Lenovo Laptop?', 'Copyright ownership gives the owner the exclusive right to use the work, with some exceptions. When a person creates an original work, fixed in a tangible medium, he or she automatically owns copyright to the work.', '2023-10-05 03:35:26', '2023-10-05 03:35:26');
INSERT INTO `questions` VALUES (8, 2, 'How can I allow to the users to create new categories?', 'How can I allow to the users to create new categories?', '2023-10-05 04:33:47', '2023-10-05 04:33:47');
INSERT INTO `questions` VALUES (9, 2, 'Error happens after setting up a schedule for the change of product info', 'I set up a schedule to update product information for this on admin.\r\n\r\nafter that, Error happens as below and I can\'t remove or edit schedule that I set up.', '2023-10-06 03:01:55', '2023-10-06 03:01:55');
INSERT INTO `questions` VALUES (10, 1, 'how can i create friendly urls?', 'i have problems with the german letters like ä, ö, ü in url. this letters make them very unclear with a lot of %. is there a possibility to make urls more seo-friendly?', '2023-10-27 04:25:29', '2023-10-27 04:25:29');
INSERT INTO `questions` VALUES (11, 1, '[New Premium Plugin] ChatGPT Answer Generator in WYSIWYG editor and SCEditor', 'i want to know about chatGPT', '2023-10-31 01:26:03', '2023-10-31 01:26:03');
INSERT INTO `questions` VALUES (12, 1, 'Why are some of the plugins locked ?', NULL, '2023-10-31 01:46:37', '2023-10-31 01:46:37');
INSERT INTO `questions` VALUES (13, 1, '[New Premium Theme] - Spiffy 1.0', 'It\'s Just The First Impression. I\'m Still Working To Make It Better. If you want any changes you can request.', '2023-10-31 01:47:44', '2023-10-31 01:47:44');
INSERT INTO `questions` VALUES (14, 5, 'Hello how to embed video Shorts .youtube?', NULL, '2023-10-31 02:16:26', '2023-10-31 02:16:26');
INSERT INTO `questions` VALUES (15, 1, 'How to play football?', 'I want to play football', '2023-11-01 02:32:52', '2023-11-01 02:32:52');
INSERT INTO `questions` VALUES (17, 1, 'Image Responsive Issue', NULL, '2023-11-03 06:51:50', '2023-11-03 06:51:50');

-- ----------------------------
-- Table structure for users
-- ----------------------------
DROP TABLE IF EXISTS `users`;
CREATE TABLE `users`  (
  `id` bigint(20) UNSIGNED NOT NULL AUTO_INCREMENT,
  `name` varchar(191) CHARACTER SET utf8mb4 COLLATE utf8mb4_unicode_ci NOT NULL,
  `email` varchar(191) CHARACTER SET utf8mb4 COLLATE utf8mb4_unicode_ci NOT NULL,
  `email_verified_at` timestamp NULL DEFAULT NULL,
  `password` varchar(191) CHARACTER SET utf8mb4 COLLATE utf8mb4_unicode_ci NOT NULL,
  `remember_token` varchar(100) CHARACTER SET utf8mb4 COLLATE utf8mb4_unicode_ci NULL DEFAULT NULL,
  `created_at` timestamp NULL DEFAULT NULL,
  `updated_at` timestamp NULL DEFAULT NULL,
  PRIMARY KEY (`id`) USING BTREE,
  UNIQUE INDEX `users_email_unique`(`email`) USING BTREE
) ENGINE = MyISAM AUTO_INCREMENT = 6 CHARACTER SET = utf8mb4 COLLATE = utf8mb4_unicode_ci ROW_FORMAT = Dynamic;

-- ----------------------------
-- Records of users
-- ----------------------------
INSERT INTO `users` VALUES (1, 'admin', 'admin@gmail.com', NULL, '$2y$10$DMk0aEKeTiK9ooTYpERudefYIfLqOquKSb2c0uXc68MU/xohiP7mu', NULL, '2023-09-29 09:54:51', '2023-09-29 09:54:51');
INSERT INTO `users` VALUES (2, 'chantha', 'chantha@gmail.com', NULL, '$2y$10$yUMaOIK5nyt2724kXf6uJ.xXNtZMyybRT7TdRR2Eo7H/lu0dRPk.q', NULL, '2023-09-29 09:55:10', '2023-09-29 09:55:10');
INSERT INTO `users` VALUES (3, 'bora', 'bora@gmail.com', NULL, '$2y$10$DnDJqH3K103OXqI5xRTR8e0m4934wzVHrUKzTPGqJKfqm94ZLPtvG', NULL, '2023-09-29 09:55:46', '2023-09-29 09:55:46');
INSERT INTO `users` VALUES (5, 'kolyan', 'kolyanaoklove@gmail.com', NULL, '$2y$10$TDli/pFoayLwcAWoj0IxSO/5hLhKtJ6YlwgGiuKBouTVlA53NSzh2', NULL, '2023-10-31 02:14:48', '2023-10-31 02:14:48');

-- ----------------------------
-- Table structure for votes
-- ----------------------------
DROP TABLE IF EXISTS `votes`;
CREATE TABLE `votes`  (
  `id` bigint(20) UNSIGNED NOT NULL AUTO_INCREMENT,
  `user_id` tinyint(4) NOT NULL,
  `answer_id` tinyint(4) NOT NULL,
  `vote` int(11) NOT NULL,
  `created_at` timestamp NULL DEFAULT NULL,
  `updated_at` timestamp NULL DEFAULT NULL,
  `question_id` tinyint(4) NOT NULL,
  PRIMARY KEY (`id`) USING BTREE
) ENGINE = MyISAM AUTO_INCREMENT = 14 CHARACTER SET = utf8mb4 COLLATE = utf8mb4_unicode_ci ROW_FORMAT = Fixed;

-- ----------------------------
-- Records of votes
-- ----------------------------
INSERT INTO `votes` VALUES (9, 1, 28, 0, '2023-11-06 02:20:53', '2023-11-06 02:20:53', 13);
INSERT INTO `votes` VALUES (2, 1, 29, 0, '2023-11-03 09:00:37', '2023-11-03 09:00:37', 14);
INSERT INTO `votes` VALUES (4, 1, 58, 0, '2023-11-06 01:59:52', '2023-11-06 01:59:52', 9);
INSERT INTO `votes` VALUES (12, 1, 2, 0, '2023-11-06 08:45:10', '2023-11-06 08:45:10', 7);
INSERT INTO `votes` VALUES (13, 1, 18, 0, '2023-11-06 08:57:17', '2023-11-06 08:57:17', 4);

SET FOREIGN_KEY_CHECKS = 1;
